-- PROFILE
INSERT INTO BRIGADE_PROFILE(PROFILE_ID, REDUCTION, TRANSCRIPT) VALUES (SEQ_PROFILE_ID.NEXTVAL, 'ф/бр', 'фельдшерская бригада');
INSERT INTO BRIGADE_PROFILE(PROFILE_ID, REDUCTION, TRANSCRIPT) VALUES (SEQ_PROFILE_ID.NEXTVAL, 'тр', 'транспортная бригада');
INSERT INTO BRIGADE_PROFILE(PROFILE_ID, REDUCTION, TRANSCRIPT) VALUES (SEQ_PROFILE_ID.NEXTVAL, 'ул', 'уличная бригада');
INSERT INTO BRIGADE_PROFILE(PROFILE_ID, REDUCTION, TRANSCRIPT) VALUES (SEQ_PROFILE_ID.NEXTVAL, 'вр', 'врачебная бригада');

-- MEDIC POSITION
INSERT INTO MEDIC_POSITION(POSITION_ID, POSITION_VALUE) VALUES (SEQ_POSITION_ID.NEXTVAL, 'фельдшер');
INSERT INTO MEDIC_POSITION(POSITION_ID, POSITION_VALUE) VALUES (SEQ_POSITION_ID.NEXTVAL, 'старший фельдшер');
INSERT INTO MEDIC_POSITION(POSITION_ID, POSITION_VALUE) VALUES (SEQ_POSITION_ID.NEXTVAL, 'главврач');
INSERT INTO MEDIC_POSITION(POSITION_ID, POSITION_VALUE) VALUES (SEQ_POSITION_ID.NEXTVAL, 'старшая медсестра');
INSERT INTO MEDIC_POSITION(POSITION_ID, POSITION_VALUE) VALUES (SEQ_POSITION_ID.NEXTVAL, 'диспетчер');


-- DEPARTMENT
INSERT INTO DEPARTMENT(DEPARTMENT_ID, DEPARTMENT_NAME) VALUES (SEQ_POSITION_ID.NEXTVAL, '"Городская станция скорой медицинской помощи" Подстанция №16');
INSERT INTO DEPARTMENT(DEPARTMENT_ID, DEPARTMENT_NAME) VALUES (SEQ_POSITION_ID.NEXTVAL, '"Городская многопрофильная больница" № 2');


-- USER ROLE
INSERT INTO USER_ROLE(ROLE_ID, ROLE_VALUE) VALUES (SEQ_ROLE_ID.NEXTVAL, 'CARD_ADD');
INSERT INTO USER_ROLE(ROLE_ID, ROLE_VALUE) VALUES (SEQ_ROLE_ID.NEXTVAL, 'CARD_DELETE');
INSERT INTO USER_ROLE(ROLE_ID, ROLE_VALUE) VALUES (SEQ_ROLE_ID.NEXTVAL, 'CARD_EDIT');
INSERT INTO USER_ROLE(ROLE_ID, ROLE_VALUE) VALUES (SEQ_ROLE_ID.NEXTVAL, 'CARD_SEARCH');
INSERT INTO USER_ROLE(ROLE_ID, ROLE_VALUE) VALUES (SEQ_ROLE_ID.NEXTVAL, 'USER_ADD');
INSERT INTO USER_ROLE(ROLE_ID, ROLE_VALUE) VALUES (SEQ_ROLE_ID.NEXTVAL, 'USER_DELETE');
INSERT INTO USER_ROLE(ROLE_ID, ROLE_VALUE) VALUES (SEQ_ROLE_ID.NEXTVAL, 'USER_EDIT');
INSERT INTO USER_ROLE(ROLE_ID, ROLE_VALUE) VALUES (SEQ_ROLE_ID.NEXTVAL, 'USER_SEARCH');


-- MEDIC USER
INSERT INTO MEDIC_USER(USER_ID, FIRST_NAME, MIDDLE_NAME, LAST_NAME, E_MAIL_ADDRESS) 
  VALUES (SEQ_USER_ID.NEXTVAL, 'Юрий', 'Столяренко', 'Анатольевич', 'yourunSpb@gmail.com');
INSERT INTO MEDIC_USER(USER_ID, FIRST_NAME, MIDDLE_NAME, LAST_NAME, E_MAIL_ADDRESS) 
  VALUES (SEQ_USER_ID.NEXTVAL, 'Дэн', 'Лобанов', 'Aлександрович', 'denisSpb@gmail.com');
INSERT INTO MEDIC_USER(USER_ID, FIRST_NAME, MIDDLE_NAME, LAST_NAME, E_MAIL_ADDRESS) 
  VALUES (SEQ_USER_ID.NEXTVAL, 'Надежда', 'Аверьянова', 'Станислаловна', 'nadySpb@gmail.com');
  
-- MEDIC
INSERT INTO MEDIC(MEDIC_ID, POSITION_ID, USER_ID) VALUES (
    SEQ_USER_ID.NEXTVAL, 
    (SELECT POSITION_ID FROM MEDIC_POSITION WHERE POSITION_VALUE = 'главврач'),
    (SELECT USER_ID FROM MEDIC_USER WHERE  MIDDLE_NAME = 'Столяренко'));
    
INSERT INTO MEDIC(MEDIC_ID, POSITION_ID, USER_ID) VALUES (
    SEQ_USER_ID.NEXTVAL, 
    (SELECT POSITION_ID FROM MEDIC_POSITION WHERE POSITION_VALUE = 'старший фельдшер'),
    (SELECT USER_ID FROM MEDIC_USER WHERE  MIDDLE_NAME = 'Аверьянова'));
    
INSERT INTO MEDIC(MEDIC_ID, POSITION_ID, USER_ID) VALUES (
    SEQ_USER_ID.NEXTVAL, 
    (SELECT POSITION_ID FROM MEDIC_POSITION WHERE POSITION_VALUE = 'фельдшер'),
    (SELECT USER_ID FROM MEDIC_USER WHERE  MIDDLE_NAME = 'Лобанов'));
    
-- MEDIC ROLE
INSERT INTO MEDIC_ROLE(MEDIC_ID, ROLE_ID) VALUES (
  (SELECT medic.MEDIC_ID FROM MEDIC medic INNER JOIN MEDIC_USER muser ON muser.USER_ID = medic.USER_ID WHERE muser.MIDDLE_NAME = 'Столяренко'),
  (SELECT ROLE_ID FROM USER_ROLE WHERE ROLE_VALUE = 'CARD_ADD'));

INSERT INTO MEDIC_ROLE(MEDIC_ID, ROLE_ID) VALUES (
  (SELECT medic.MEDIC_ID FROM MEDIC medic INNER JOIN MEDIC_USER muser ON muser.USER_ID = medic.USER_ID WHERE muser.MIDDLE_NAME = 'Столяренко'),
  (SELECT ROLE_ID FROM USER_ROLE WHERE ROLE_VALUE = 'CARD_DELETE'));

INSERT INTO MEDIC_ROLE(MEDIC_ID, ROLE_ID) VALUES (
  (SELECT medic.MEDIC_ID FROM MEDIC medic INNER JOIN MEDIC_USER muser ON muser.USER_ID = medic.USER_ID WHERE muser.MIDDLE_NAME = 'Столяренко'),
  (SELECT ROLE_ID FROM USER_ROLE WHERE ROLE_VALUE = 'CARD_EDIT'));


INSERT INTO MEDIC_ROLE(MEDIC_ID, ROLE_ID) VALUES (
  (SELECT medic.MEDIC_ID FROM MEDIC medic INNER JOIN MEDIC_USER muser ON muser.USER_ID = medic.USER_ID WHERE muser.MIDDLE_NAME = 'Столяренко'),
  (SELECT ROLE_ID FROM USER_ROLE WHERE ROLE_VALUE = 'CARD_SEARCH'));
  
INSERT INTO MEDIC_ROLE(MEDIC_ID, ROLE_ID) VALUES (
  (SELECT medic.MEDIC_ID FROM MEDIC medic INNER JOIN MEDIC_USER muser ON muser.USER_ID = medic.USER_ID WHERE muser.MIDDLE_NAME = 'Столяренко'),
  (SELECT ROLE_ID FROM USER_ROLE WHERE ROLE_VALUE = 'USER_ADD'));

INSERT INTO MEDIC_ROLE(MEDIC_ID, ROLE_ID) VALUES (
  (SELECT medic.MEDIC_ID FROM MEDIC medic INNER JOIN MEDIC_USER muser ON muser.USER_ID = medic.USER_ID WHERE muser.MIDDLE_NAME = 'Столяренко'),
  (SELECT ROLE_ID FROM USER_ROLE WHERE ROLE_VALUE = 'USER_DELETE'));

INSERT INTO MEDIC_ROLE(MEDIC_ID, ROLE_ID) VALUES (
  (SELECT medic.MEDIC_ID FROM MEDIC medic INNER JOIN MEDIC_USER muser ON muser.USER_ID = medic.USER_ID WHERE muser.MIDDLE_NAME = 'Столяренко'),
  (SELECT ROLE_ID FROM USER_ROLE WHERE ROLE_VALUE = 'USER_EDIT'));


INSERT INTO MEDIC_ROLE(MEDIC_ID, ROLE_ID) VALUES (
  (SELECT medic.MEDIC_ID FROM MEDIC medic INNER JOIN MEDIC_USER muser ON muser.USER_ID = medic.USER_ID WHERE muser.MIDDLE_NAME = 'Столяренко'),
  (SELECT ROLE_ID FROM USER_ROLE WHERE ROLE_VALUE = 'USER_SEARCH'));

INSERT INTO MEDIC_ROLE(MEDIC_ID, ROLE_ID) VALUES (
  (SELECT medic.MEDIC_ID FROM MEDIC medic INNER JOIN MEDIC_USER muser ON muser.USER_ID = medic.USER_ID WHERE muser.MIDDLE_NAME = 'Аверьянова'),
  (SELECT ROLE_ID FROM USER_ROLE WHERE ROLE_VALUE = 'CARD_ADD'));

INSERT INTO MEDIC_ROLE(MEDIC_ID, ROLE_ID) VALUES (
  (SELECT medic.MEDIC_ID FROM MEDIC medic INNER JOIN MEDIC_USER muser ON muser.USER_ID = medic.USER_ID WHERE muser.MIDDLE_NAME = 'Аверьянова'),
  (SELECT ROLE_ID FROM USER_ROLE WHERE ROLE_VALUE = 'CARD_DELETE'));

INSERT INTO MEDIC_ROLE(MEDIC_ID, ROLE_ID) VALUES (
  (SELECT medic.MEDIC_ID FROM MEDIC medic INNER JOIN MEDIC_USER muser ON muser.USER_ID = medic.USER_ID WHERE muser.MIDDLE_NAME = 'Аверьянова'),
  (SELECT ROLE_ID FROM USER_ROLE WHERE ROLE_VALUE = 'CARD_EDIT'));


INSERT INTO MEDIC_ROLE(MEDIC_ID, ROLE_ID) VALUES (
  (SELECT medic.MEDIC_ID FROM MEDIC medic INNER JOIN MEDIC_USER muser ON muser.USER_ID = medic.USER_ID WHERE muser.MIDDLE_NAME = 'Аверьянова'),
  (SELECT ROLE_ID FROM USER_ROLE WHERE ROLE_VALUE = 'CARD_SEARCH'));
  
INSERT INTO MEDIC_ROLE(MEDIC_ID, ROLE_ID) VALUES (
  (SELECT medic.MEDIC_ID FROM MEDIC medic INNER JOIN MEDIC_USER muser ON muser.USER_ID = medic.USER_ID WHERE muser.MIDDLE_NAME = 'Аверьянова'),
  (SELECT ROLE_ID FROM USER_ROLE WHERE ROLE_VALUE = 'USER_ADD'));

INSERT INTO MEDIC_ROLE(MEDIC_ID, ROLE_ID) VALUES (
  (SELECT medic.MEDIC_ID FROM MEDIC medic INNER JOIN MEDIC_USER muser ON muser.USER_ID = medic.USER_ID WHERE muser.MIDDLE_NAME = 'Аверьянова'),
  (SELECT ROLE_ID FROM USER_ROLE WHERE ROLE_VALUE = 'USER_DELETE'));

INSERT INTO MEDIC_ROLE(MEDIC_ID, ROLE_ID) VALUES (
  (SELECT medic.MEDIC_ID FROM MEDIC medic INNER JOIN MEDIC_USER muser ON muser.USER_ID = medic.USER_ID WHERE muser.MIDDLE_NAME = 'Аверьянова'),
  (SELECT ROLE_ID FROM USER_ROLE WHERE ROLE_VALUE = 'USER_EDIT'));


INSERT INTO MEDIC_ROLE(MEDIC_ID, ROLE_ID) VALUES (
  (SELECT medic.MEDIC_ID FROM MEDIC medic INNER JOIN MEDIC_USER muser ON muser.USER_ID = medic.USER_ID WHERE muser.MIDDLE_NAME = 'Аверьянова'),
  (SELECT ROLE_ID FROM USER_ROLE WHERE ROLE_VALUE = 'USER_SEARCH'));
  
INSERT INTO MEDIC_ROLE(MEDIC_ID, ROLE_ID) VALUES (
  (SELECT medic.MEDIC_ID FROM MEDIC medic INNER JOIN MEDIC_USER muser ON muser.USER_ID = medic.USER_ID WHERE muser.MIDDLE_NAME = 'Лобанов'),
  (SELECT ROLE_ID FROM USER_ROLE WHERE ROLE_VALUE = 'CARD_ADD'));

INSERT INTO MEDIC_ROLE(MEDIC_ID, ROLE_ID) VALUES (
  (SELECT medic.MEDIC_ID FROM MEDIC medic INNER JOIN MEDIC_USER muser ON muser.USER_ID = medic.USER_ID WHERE muser.MIDDLE_NAME = 'Лобанов'),
  (SELECT ROLE_ID FROM USER_ROLE WHERE ROLE_VALUE = 'CARD_DELETE'));

INSERT INTO MEDIC_ROLE(MEDIC_ID, ROLE_ID) VALUES (
  (SELECT medic.MEDIC_ID FROM MEDIC medic INNER JOIN MEDIC_USER muser ON muser.USER_ID = medic.USER_ID WHERE muser.MIDDLE_NAME = 'Лобанов'),
  (SELECT ROLE_ID FROM USER_ROLE WHERE ROLE_VALUE = 'CARD_EDIT'));


INSERT INTO MEDIC_ROLE(MEDIC_ID, ROLE_ID) VALUES (
  (SELECT medic.MEDIC_ID FROM MEDIC medic INNER JOIN MEDIC_USER muser ON muser.USER_ID = medic.USER_ID WHERE muser.MIDDLE_NAME = 'Лобанов'),
  (SELECT ROLE_ID FROM USER_ROLE WHERE ROLE_VALUE = 'CARD_SEARCH'));
  
INSERT INTO MEDIC_ROLE(MEDIC_ID, ROLE_ID) VALUES (
  (SELECT medic.MEDIC_ID FROM MEDIC medic INNER JOIN MEDIC_USER muser ON muser.USER_ID = medic.USER_ID WHERE muser.MIDDLE_NAME = 'Лобанов'),
  (SELECT ROLE_ID FROM USER_ROLE WHERE ROLE_VALUE = 'USER_ADD'));

INSERT INTO MEDIC_ROLE(MEDIC_ID, ROLE_ID) VALUES (
  (SELECT medic.MEDIC_ID FROM MEDIC medic INNER JOIN MEDIC_USER muser ON muser.USER_ID = medic.USER_ID WHERE muser.MIDDLE_NAME = 'Лобанов'),
  (SELECT ROLE_ID FROM USER_ROLE WHERE ROLE_VALUE = 'USER_DELETE'));

INSERT INTO MEDIC_ROLE(MEDIC_ID, ROLE_ID) VALUES (
  (SELECT medic.MEDIC_ID FROM MEDIC medic INNER JOIN MEDIC_USER muser ON muser.USER_ID = medic.USER_ID WHERE muser.MIDDLE_NAME = 'Лобанов'),
  (SELECT ROLE_ID FROM USER_ROLE WHERE ROLE_VALUE = 'USER_EDIT'));


INSERT INTO MEDIC_ROLE(MEDIC_ID, ROLE_ID) VALUES (
  (SELECT medic.MEDIC_ID FROM MEDIC medic INNER JOIN MEDIC_USER muser ON muser.USER_ID = medic.USER_ID WHERE muser.MIDDLE_NAME = 'Лобанов'),
  (SELECT ROLE_ID FROM USER_ROLE WHERE ROLE_VALUE = 'USER_SEARCH'));

-- SECTION ВЫЗОВ----------------------------------------------------------------
INSERT INTO SECTION(SECTION_ID, SECTION_NAME, SECTION_DESCRIPTION) VALUES (1, 'Вызов', 'Данные вызова');

INSERT INTO QUESTION(QUESTION_ID, SECTION_ID, QUESTION_ORDER, QUESTION_TEXT, ANSWER_TYPE) 
  VALUES (1, 1, 1, 'Повод', 'TEXT_BOX');

INSERT INTO QUESTION(QUESTION_ID, SECTION_ID, QUESTION_ORDER, QUESTION_TEXT, ANSWER_TYPE) 
  VALUES (2, 1, 2, 'Время приема', 'TEXT_TIME_BOX');
  
INSERT INTO QUESTION(QUESTION_ID, SECTION_ID, QUESTION_ORDER, QUESTION_TEXT, ANSWER_TYPE) 
  VALUES (3, 1, 3, 'Время передачи', 'TEXT_TIME_BOX');

INSERT INTO QUESTION(QUESTION_ID, SECTION_ID, QUESTION_ORDER, QUESTION_TEXT, ANSWER_TYPE) 
  VALUES (4, 1, 4, 'Время выезда', 'TEXT_TIME_BOX');

INSERT INTO QUESTION(QUESTION_ID, SECTION_ID, QUESTION_ORDER, QUESTION_TEXT, ANSWER_TYPE) 
  VALUES (5, 1, 5, 'Время прибытия', 'TEXT_TIME_BOX');

INSERT INTO QUESTION(QUESTION_ID, SECTION_ID, QUESTION_ORDER, QUESTION_TEXT, ANSWER_TYPE) 
  VALUES (6, 1, 6, 'Время начала тр-ки', 'TEXT_TIME_BOX');
  
INSERT INTO QUESTION(QUESTION_ID, SECTION_ID, QUESTION_ORDER, QUESTION_TEXT, ANSWER_TYPE) 
  VALUES (7, 1, 7, 'Время оконч. тр-ки', 'TEXT_TIME_BOX');

INSERT INTO QUESTION(QUESTION_ID, SECTION_ID, QUESTION_ORDER, QUESTION_TEXT, ANSWER_TYPE) 
  VALUES (8, 1, 8, 'Время выполнения', 'TEXT_TIME_BOX');

INSERT INTO QUESTION(QUESTION_ID, SECTION_ID, QUESTION_ORDER, QUESTION_TEXT, ANSWER_TYPE) 
  VALUES (9, 1, 9, 'Время возвращения', 'TEXT_TIME_BOX');

--------------------------------------------------------------------------------

INSERT INTO QUESTION(QUESTION_ID, SECTION_ID, QUESTION_ORDER, QUESTION_TEXT, ANSWER_TYPE) 
  VALUES (10, 1, 10, 'Вызов получен', 'SELECT_BOX');
    
INSERT INTO ANSWER(ANSWER_ID, QUESTION_ID, ANSWER_VALUE) 
  VALUES (SEQ_ANSWER_ID.NEXTVAL, 10, 'на станции');

INSERT INTO ANSWER(ANSWER_ID, QUESTION_ID, ANSWER_VALUE) 
  VALUES (SEQ_ANSWER_ID.NEXTVAL, 10, 'вне станции');
  
--------------------------------------------------------------------------------
INSERT INTO QUESTION(QUESTION_ID, SECTION_ID, QUESTION_ORDER, QUESTION_TEXT, ANSWER_TYPE) 
  VALUES (11, 1, 11, 'Вызов', 'SELECT_BOX');
  
INSERT INTO ANSWER(ANSWER_ID, QUESTION_ID, ANSWER_VALUE) 
  VALUES (SEQ_ANSWER_ID.NEXTVAL, 11, 'первичный');

INSERT INTO ANSWER(ANSWER_ID, QUESTION_ID, ANSWER_VALUE) 
  VALUES (SEQ_ANSWER_ID.NEXTVAL, 11, 'повторный');

INSERT INTO ANSWER(ANSWER_ID, QUESTION_ID, ANSWER_VALUE) 
  VALUES (SEQ_ANSWER_ID.NEXTVAL, 11, 'в помощь');
  
INSERT INTO ANSWER(ANSWER_ID, QUESTION_ID, ANSWER_VALUE) 
  VALUES (SEQ_ANSWER_ID.NEXTVAL, 11, 'остановка в пути');

INSERT INTO ANSWER(ANSWER_ID, QUESTION_ID, ANSWER_VALUE) 
  VALUES (SEQ_ANSWER_ID.NEXTVAL, 11, 'амбулаторный');
  
INSERT INTO ANSWER(ANSWER_ID, QUESTION_ID, ANSWER_VALUE) 
  VALUES (SEQ_ANSWER_ID.NEXTVAL, 11, 'активный');

--------------------------------------------------------------------------------
INSERT INTO QUESTION(QUESTION_ID, SECTION_ID, QUESTION_ORDER, QUESTION_TEXT, ANSWER_TYPE) 
  VALUES (12, 1, 12, 'Причина обращения', 'SELECT_BOX');

INSERT INTO ANSWER(ANSWER_ID, QUESTION_ID, ANSWER_VALUE) 
  VALUES (SEQ_ANSWER_ID.NEXTVAL, 12, 'заболевание');

INSERT INTO ANSWER(ANSWER_ID, QUESTION_ID, ANSWER_VALUE) 
  VALUES (SEQ_ANSWER_ID.NEXTVAL, 12, 'несчастный случай');

INSERT INTO ANSWER(ANSWER_ID, QUESTION_ID, ANSWER_VALUE) 
  VALUES (SEQ_ANSWER_ID.NEXTVAL, 12, 'патология беременности');

INSERT INTO ANSWER(ANSWER_ID, QUESTION_ID, ANSWER_VALUE) 
  VALUES (SEQ_ANSWER_ID.NEXTVAL, 12, 'роды');
  
INSERT INTO ANSWER(ANSWER_ID, QUESTION_ID, ANSWER_VALUE) 
  VALUES (SEQ_ANSWER_ID.NEXTVAL, 12, 'ЧС(угроза)');

INSERT INTO ANSWER(ANSWER_ID, QUESTION_ID, ANSWER_VALUE) 
  VALUES (SEQ_ANSWER_ID.NEXTVAL, 12, 'врачебное сопровождение');

INSERT INTO ANSWER(ANSWER_ID, QUESTION_ID, ANSWER_VALUE) 
  VALUES (SEQ_ANSWER_ID.NEXTVAL, 12, 'экстренная перевозка');
  
INSERT INTO ANSWER(ANSWER_ID, QUESTION_ID, ANSWER_VALUE) 
  VALUES (SEQ_ANSWER_ID.NEXTVAL, 12, 'плановая перевозка');
  
INSERT INTO ANSWER(ANSWER_ID, QUESTION_ID, ANSWER_VALUE) 
  VALUES (SEQ_ANSWER_ID.NEXTVAL, 12, 'гемодиализ');

--------------------------------------------------------------------------------
INSERT INTO QUESTION(QUESTION_ID, SECTION_ID, QUESTION_ORDER, QUESTION_TEXT, ANSWER_TYPE) 
  VALUES (13, 1, 13, 'Место вызова:', 'SELECT_BOX');

INSERT INTO ANSWER(ANSWER_ID, QUESTION_ID, ANSWER_VALUE) 
  VALUES (SEQ_ANSWER_ID.NEXTVAL, 13, 'квартира');

INSERT INTO ANSWER(ANSWER_ID, QUESTION_ID, ANSWER_VALUE) 
  VALUES (SEQ_ANSWER_ID.NEXTVAL, 13, 'улица');

INSERT INTO ANSWER(ANSWER_ID, QUESTION_ID, ANSWER_VALUE) 
  VALUES (SEQ_ANSWER_ID.NEXTVAL, 13, 'федеральная трасса');
  
INSERT INTO ANSWER(ANSWER_ID, QUESTION_ID, ANSWER_VALUE) 
  VALUES (SEQ_ANSWER_ID.NEXTVAL, 13, 'общественное место');

INSERT INTO ANSWER(ANSWER_ID, QUESTION_ID, ANSWER_VALUE) 
  VALUES (SEQ_ANSWER_ID.NEXTVAL, 13, 'рабочее место');

INSERT INTO ANSWER(ANSWER_ID, QUESTION_ID, ANSWER_VALUE) 
  VALUES (SEQ_ANSWER_ID.NEXTVAL, 13, 'полиция');

INSERT INTO ANSWER(ANSWER_ID, QUESTION_ID, ANSWER_VALUE) 
  VALUES (SEQ_ANSWER_ID.NEXTVAL, 13, 'дошкольное учреждение');

INSERT INTO ANSWER(ANSWER_ID, QUESTION_ID, ANSWER_VALUE) 
  VALUES (SEQ_ANSWER_ID.NEXTVAL, 13, 'школа');

--------------------------------------------------------------------------------
INSERT INTO QUESTION(QUESTION_ID, SECTION_ID, QUESTION_ORDER, QUESTION_TEXT, ANSWER_TYPE) 
  VALUES (14, 1, 14, 'Причина длительного доезда:', 'SELECT_BOX');

INSERT INTO ANSWER(ANSWER_ID, QUESTION_ID, ANSWER_VALUE) 
  VALUES (SEQ_ANSWER_ID.NEXTVAL, 14, 'затруднен проезд');

INSERT INTO ANSWER(ANSWER_ID, QUESTION_ID, ANSWER_VALUE) 
  VALUES (SEQ_ANSWER_ID.NEXTVAL, 14, 'уточнение адресса');

INSERT INTO ANSWER(ANSWER_ID, QUESTION_ID, ANSWER_VALUE) 
  VALUES (SEQ_ANSWER_ID.NEXTVAL, 14, 'поломка а/м');

--------------------------------------------------------------------------------
INSERT INTO QUESTION(QUESTION_ID, SECTION_ID, QUESTION_ORDER, QUESTION_TEXT, ANSWER_TYPE) 
  VALUES (15, 1, 15, 'Безрезультатный выезд:', 'SELECT_BOX');

INSERT INTO ANSWER(ANSWER_ID, QUESTION_ID, ANSWER_VALUE) 
  VALUES (SEQ_ANSWER_ID.NEXTVAL, 15, 'адрес не найден');

INSERT INTO ANSWER(ANSWER_ID, QUESTION_ID, ANSWER_VALUE) 
  VALUES (SEQ_ANSWER_ID.NEXTVAL, 15, 'больного нет на месте');

INSERT INTO ANSWER(ANSWER_ID, QUESTION_ID, ANSWER_VALUE) 
  VALUES (SEQ_ANSWER_ID.NEXTVAL, 15, 'отказ от осмотра');

INSERT INTO ANSWER(ANSWER_ID, QUESTION_ID, ANSWER_VALUE) 
  VALUES (SEQ_ANSWER_ID.NEXTVAL, 15, 'вызов отменен');

INSERT INTO ANSWER(ANSWER_ID, QUESTION_ID, ANSWER_VALUE) 
  VALUES (SEQ_ANSWER_ID.NEXTVAL, 15, 'обследование до прибытия');

INSERT INTO ANSWER(ANSWER_ID, QUESTION_ID, ANSWER_VALUE) 
  VALUES (SEQ_ANSWER_ID.NEXTVAL, 15, 'смерть до прибытия');

--------------------------------------------------------------------------------
INSERT INTO QUESTION(QUESTION_ID, SECTION_ID, QUESTION_ORDER, QUESTION_TEXT, ANSWER_TYPE) 
  VALUES (16, 1, 16, 'Причина несчастного случая:', 'SELECT_BOX');

INSERT INTO ANSWER(ANSWER_ID, QUESTION_ID, ANSWER_VALUE) 
  VALUES (SEQ_ANSWER_ID.NEXTVAL, 16, 'неизвестна');

INSERT INTO ANSWER(ANSWER_ID, QUESTION_ID, ANSWER_VALUE) 
  VALUES (SEQ_ANSWER_ID.NEXTVAL, 16, 'бытовая');

INSERT INTO ANSWER(ANSWER_ID, QUESTION_ID, ANSWER_VALUE) 
  VALUES (SEQ_ANSWER_ID.NEXTVAL, 16, 'производственная');

INSERT INTO ANSWER(ANSWER_ID, QUESTION_ID, ANSWER_VALUE) 
  VALUES (SEQ_ANSWER_ID.NEXTVAL, 16, 'спортивная');

INSERT INTO ANSWER(ANSWER_ID, QUESTION_ID, ANSWER_VALUE) 
  VALUES (SEQ_ANSWER_ID.NEXTVAL, 16, 'ДТП');

INSERT INTO ANSWER(ANSWER_ID, QUESTION_ID, ANSWER_VALUE) 
  VALUES (SEQ_ANSWER_ID.NEXTVAL, 16, 'гололед');

INSERT INTO ANSWER(ANSWER_ID, QUESTION_ID, ANSWER_VALUE) 
  VALUES (SEQ_ANSWER_ID.NEXTVAL, 16, 'недосмотр');
  
INSERT INTO ANSWER(ANSWER_ID, QUESTION_ID, ANSWER_VALUE) 
  VALUES (SEQ_ANSWER_ID.NEXTVAL, 16, 'пожар');

INSERT INTO ANSWER(ANSWER_ID, QUESTION_ID, ANSWER_VALUE) 
  VALUES (SEQ_ANSWER_ID.NEXTVAL, 16, 'криминальная');

INSERT INTO ANSWER(ANSWER_ID, QUESTION_ID, ANSWER_VALUE) 
  VALUES (SEQ_ANSWER_ID.NEXTVAL, 16, 'суицид');

--------------------------------------------------------------------------------
INSERT INTO QUESTION(QUESTION_ID, SECTION_ID, QUESTION_ORDER, QUESTION_TEXT, ANSWER_TYPE) 
  VALUES (17, 1, 17, 'Характеристика несчастного случая:', 'SELECT_BOX');

INSERT INTO ANSWER(ANSWER_ID, QUESTION_ID, ANSWER_VALUE) 
  VALUES (SEQ_ANSWER_ID.NEXTVAL, 17, 'отравление');

INSERT INTO ANSWER(ANSWER_ID, QUESTION_ID, ANSWER_VALUE) 
  VALUES (SEQ_ANSWER_ID.NEXTVAL, 17, 'утопление');

INSERT INTO ANSWER(ANSWER_ID, QUESTION_ID, ANSWER_VALUE) 
  VALUES (SEQ_ANSWER_ID.NEXTVAL, 17, 'травма термическа');

INSERT INTO ANSWER(ANSWER_ID, QUESTION_ID, ANSWER_VALUE) 
  VALUES (SEQ_ANSWER_ID.NEXTVAL, 17, 'травма механическая');

INSERT INTO ANSWER(ANSWER_ID, QUESTION_ID, ANSWER_VALUE) 
  VALUES (SEQ_ANSWER_ID.NEXTVAL, 17, 'травма сочетанная');

INSERT INTO ANSWER(ANSWER_ID, QUESTION_ID, ANSWER_VALUE) 
  VALUES (SEQ_ANSWER_ID.NEXTVAL, 17, 'травма комбинированная');

--------------------------------------------------------------------------------
INSERT INTO QUESTION(QUESTION_ID, SECTION_ID, QUESTION_ORDER, QUESTION_TEXT, ANSWER_TYPE) 
  VALUES (18, 1, 18, 'Способ доставки пациента в машину:', 'SELECT_BOX');
  
INSERT INTO ANSWER(ANSWER_ID, QUESTION_ID, ANSWER_VALUE) 
  VALUES (SEQ_ANSWER_ID.NEXTVAL, 18, 'передвигался самостоятельно');

INSERT INTO ANSWER(ANSWER_ID, QUESTION_ID, ANSWER_VALUE) 
  VALUES (SEQ_ANSWER_ID.NEXTVAL, 18, 'перенесен на носилках');

INSERT INTO ANSWER(ANSWER_ID, QUESTION_ID, ANSWER_VALUE) 
  VALUES (SEQ_ANSWER_ID.NEXTVAL, 18, 'перенесен на подручных средствах');
  
  
-- SECTION ПАЦИЕНТ ----------------------------------------------------------------
INSERT INTO SECTION(SECTION_ID, SECTION_NAME, SECTION_DESCRIPTION) VALUES (2, 'Пациент', 'Данные пациента');

INSERT INTO QUESTION(QUESTION_ID, SECTION_ID, QUESTION_ORDER, QUESTION_TEXT, ANSWER_TYPE) 
  VALUES (19, 2, 1, 'Район', 'TEXT_BOX');

INSERT INTO QUESTION(QUESTION_ID, SECTION_ID, QUESTION_ORDER, QUESTION_TEXT, ANSWER_TYPE) 
  VALUES (20, 2, 2, 'Улица', 'TEXT_BOX');
  
INSERT INTO QUESTION(QUESTION_ID, SECTION_ID, QUESTION_ORDER, QUESTION_TEXT, ANSWER_TYPE) 
  VALUES (21, 2, 3, 'Дом', 'TEXT_NUMBER_BOX');
  
INSERT INTO QUESTION(QUESTION_ID, SECTION_ID, QUESTION_ORDER, QUESTION_TEXT, ANSWER_TYPE) 
  VALUES (22, 2, 4, 'Корпус', 'TEXT_NUMBER_BOX');
  
INSERT INTO QUESTION(QUESTION_ID, SECTION_ID, QUESTION_ORDER, QUESTION_TEXT, ANSWER_TYPE) 
  VALUES (23, 2, 5, 'Квартира', 'TEXT_NUMBER_BOX'); 
  
INSERT INTO QUESTION(QUESTION_ID, SECTION_ID, QUESTION_ORDER, QUESTION_TEXT, ANSWER_TYPE) 
  VALUES (24, 2, 6, 'Этаж', 'TEXT_NUMBER_BOX'); 

INSERT INTO QUESTION(QUESTION_ID, SECTION_ID, QUESTION_ORDER, QUESTION_TEXT, ANSWER_TYPE) 
  VALUES (25, 2, 7, 'Код', 'TEXT_NUMBER_BOX');  
  
INSERT INTO QUESTION(QUESTION_ID, SECTION_ID, QUESTION_ORDER, QUESTION_TEXT, ANSWER_TYPE) 
  VALUES (26, 2, 8, 'Телефон', 'TEXT_NUMBER_BOX');
  
INSERT INTO QUESTION(QUESTION_ID, SECTION_ID, QUESTION_ORDER, QUESTION_TEXT, ANSWER_TYPE) 
  VALUES (27, 2, 9, 'ФИО', 'TEXT_BOX');

INSERT INTO QUESTION(QUESTION_ID, SECTION_ID, QUESTION_ORDER, QUESTION_TEXT, ANSWER_TYPE) 
  VALUES (28, 2, 10, 'Дата Рождения', 'TEXT_DATE_BOX');

INSERT INTO QUESTION(QUESTION_ID, SECTION_ID, QUESTION_ORDER, QUESTION_TEXT, ANSWER_TYPE) 
  VALUES (29, 2, 11, 'Возраст', 'TEXT_NUMBER_BOX');  

INSERT INTO QUESTION(QUESTION_ID, SECTION_ID, QUESTION_ORDER, QUESTION_TEXT, ANSWER_TYPE) 
  VALUES (30, 2, 12, 'Пол', 'SELECT_BOX');   

INSERT INTO ANSWER(ANSWER_ID, QUESTION_ID, ANSWER_VALUE) 
  VALUES (SEQ_ANSWER_ID.NEXTVAL, 30, 'Мужской');

INSERT INTO ANSWER(ANSWER_ID, QUESTION_ID, ANSWER_VALUE) 
  VALUES (SEQ_ANSWER_ID.NEXTVAL, 30, 'Женский');  
  
INSERT INTO QUESTION(QUESTION_ID, SECTION_ID, QUESTION_ORDER, QUESTION_TEXT, ANSWER_TYPE) 
  VALUES (31, 2, 13, 'Паспорт', 'TEXT_NUMBER_BOX'); 

INSERT INTO QUESTION(QUESTION_ID, SECTION_ID, QUESTION_ORDER, QUESTION_TEXT, ANSWER_TYPE) 
  VALUES (32, 2, 14, 'Место Рождения', 'TEXT_BOX'); 

INSERT INTO QUESTION(QUESTION_ID, SECTION_ID, QUESTION_ORDER, QUESTION_TEXT, ANSWER_TYPE) 
  VALUES (33, 2, 15, 'Полис ОМС', 'TEXT_NUMBER_BOX');

INSERT INTO QUESTION(QUESTION_ID, SECTION_ID, QUESTION_ORDER, QUESTION_TEXT, ANSWER_TYPE) 
  VALUES (34, 2, 16, 'Полис СМО', 'TEXT_BOX');

INSERT INTO QUESTION(QUESTION_ID, SECTION_ID, QUESTION_ORDER, QUESTION_TEXT, ANSWER_TYPE) 
  VALUES (35, 2, 17, 'Гражданство', 'TEXT_BOX');

INSERT INTO QUESTION(QUESTION_ID, SECTION_ID, QUESTION_ORDER, QUESTION_TEXT, ANSWER_TYPE) 
  VALUES (36, 2, 18, 'Адрес Постоянной регистрации: Регион', 'TEXT_BOX');   

INSERT INTO QUESTION(QUESTION_ID, SECTION_ID, QUESTION_ORDER, QUESTION_TEXT, ANSWER_TYPE) 
  VALUES (37, 2, 19, 'Адрес Постоянной регистрации: Район', 'TEXT_BOX'); 

INSERT INTO QUESTION(QUESTION_ID, SECTION_ID, QUESTION_ORDER, QUESTION_TEXT, ANSWER_TYPE) 
  VALUES (38, 2, 20, 'Адрес Постоянной регистрации: Пункт', 'TEXT_BOX'); 

INSERT INTO QUESTION(QUESTION_ID, SECTION_ID, QUESTION_ORDER, QUESTION_TEXT, ANSWER_TYPE) 
  VALUES (39, 2, 21, 'Адрес Постоянной регистрации: Улица', 'TEXT_BOX'); 
  
INSERT INTO QUESTION(QUESTION_ID, SECTION_ID, QUESTION_ORDER, QUESTION_TEXT, ANSWER_TYPE) 
  VALUES (40, 2, 22, 'Адрес Постоянной регистрации: Дом', 'TEXT_NUMBER_BOX'); 
  
INSERT INTO QUESTION(QUESTION_ID, SECTION_ID, QUESTION_ORDER, QUESTION_TEXT, ANSWER_TYPE) 
  VALUES (41, 2, 23, 'Адрес Постоянной регистрации: Корпус', 'TEXT_NUMBER_BOX'); 
  
INSERT INTO QUESTION(QUESTION_ID, SECTION_ID, QUESTION_ORDER, QUESTION_TEXT, ANSWER_TYPE) 
  VALUES (42, 2, 24, 'Адрес Постоянной регистрации: Квартира', 'TEXT_NUMBER_BOX');   
  
--  INSERT INTO ANSWER(ANSWER_ID, QUESTION_ID, ANSWER_VALUE) 
--  VALUES (SEQ_ANSWER_ID.NEXTVAL, 10, 'вне станции');
-- 
--  
-- SECTION Жалобы ----------------------------------------------------------------
INSERT INTO SECTION(SECTION_ID, SECTION_NAME, SECTION_DESCRIPTION) VALUES (3, 'Жалобы', 'Жалобы Анамнез');

INSERT INTO QUESTION(QUESTION_ID, SECTION_ID, QUESTION_ORDER, QUESTION_TEXT, ANSWER_TYPE) 
  VALUES (43, 3, 43, 'Жалобы', 'TEXT_BOX');   

INSERT INTO QUESTION(QUESTION_ID, SECTION_ID, QUESTION_ORDER, QUESTION_TEXT, ANSWER_TYPE) 
  VALUES (44, 3, 44, 'Анамнез', 'TEXT_BOX');
INSERT INTO QUESTION(QUESTION_ID, SECTION_ID, QUESTION_ORDER, QUESTION_TEXT, ANSWER_TYPE) 
  VALUES (112, 3, 112, 'Эпид.Анамнез', 'TEXT_BOX');
  
INSERT INTO QUESTION(QUESTION_ID, SECTION_ID, QUESTION_ORDER, QUESTION_TEXT, ANSWER_TYPE) 
VALUES (45, 3, 45, 'Посещение не благополучных стран и регионов за 3 года', 'SELECT_BOX'); 
  
INSERT INTO ANSWER(ANSWER_ID, QUESTION_ID, ANSWER_VALUE) 
  VALUES (SEQ_ANSWER_ID.NEXTVAL, 45, 'Да');

INSERT INTO ANSWER(ANSWER_ID, QUESTION_ID, ANSWER_VALUE) 
  VALUES (SEQ_ANSWER_ID.NEXTVAL, 45, 'Нет'); 

INSERT INTO QUESTION(QUESTION_ID, SECTION_ID, QUESTION_ORDER, QUESTION_TEXT, ANSWER_TYPE) 
VALUES (46, 3, 46, 'Информация заболевания в анамнезе', 'SELECT_BOX'); 
  
INSERT INTO ANSWER(ANSWER_ID, QUESTION_ID, ANSWER_VALUE) 
  VALUES (SEQ_ANSWER_ID.NEXTVAL, 46, 'Нет');

INSERT INTO ANSWER(ANSWER_ID, QUESTION_ID, ANSWER_VALUE) 
  VALUES (SEQ_ANSWER_ID.NEXTVAL, 46, 'Гепатит');

INSERT INTO ANSWER(ANSWER_ID, QUESTION_ID, ANSWER_VALUE) 
  VALUES (SEQ_ANSWER_ID.NEXTVAL, 46, 'Малярия');

INSERT INTO ANSWER(ANSWER_ID, QUESTION_ID, ANSWER_VALUE) 
  VALUES (SEQ_ANSWER_ID.NEXTVAL, 46, 'ТВС');

INSERT INTO ANSWER(ANSWER_ID, QUESTION_ID, ANSWER_VALUE) 
  VALUES (SEQ_ANSWER_ID.NEXTVAL, 46, 'ВИЧ');
  
INSERT INTO QUESTION(QUESTION_ID, SECTION_ID, QUESTION_ORDER, QUESTION_TEXT, ANSWER_TYPE) 
VALUES (47, 3, 47, 'Инъекции Оперативные вмеш-ва за последние 6 месяцев', 'SELECT_BOX'); 
  
INSERT INTO ANSWER(ANSWER_ID, QUESTION_ID, ANSWER_VALUE) 
  VALUES (SEQ_ANSWER_ID.NEXTVAL, 47, 'Да');

INSERT INTO ANSWER(ANSWER_ID, QUESTION_ID, ANSWER_VALUE) 
  VALUES (SEQ_ANSWER_ID.NEXTVAL, 47, 'Нет');  
  
  
-- SECTION Объективные Данные ----------------------------------------------------------------
INSERT INTO SECTION(SECTION_ID, SECTION_NAME, SECTION_DESCRIPTION) VALUES (4, 'Пациент', 'Данные пациента'); 

INSERT INTO QUESTION(QUESTION_ID, SECTION_ID, QUESTION_ORDER, QUESTION_TEXT, ANSWER_TYPE) 
  VALUES (48, 4, 48, 'ЭКГ до лечения', 'TEXT_BOX'); 
  
INSERT INTO QUESTION(QUESTION_ID, SECTION_ID, QUESTION_ORDER, QUESTION_TEXT, ANSWER_TYPE) 
  VALUES (113, 4, 113, 'ЭКГ п/леч', 'TEXT_BOX'); 
-------------------------------------------------------------------------------------------------  
INSERT INTO QUESTION(QUESTION_ID, SECTION_ID, QUESTION_ORDER, QUESTION_TEXT, ANSWER_TYPE) 
VALUES (49, 4, 49, 'Общее состояние', 'SELECT_BOX'); 

INSERT INTO ANSWER(ANSWER_ID, QUESTION_ID, ANSWER_VALUE) 
  VALUES (SEQ_ANSWER_ID.NEXTVAL, 49, 'Удолитворительное');

INSERT INTO ANSWER(ANSWER_ID, QUESTION_ID, ANSWER_VALUE) 
  VALUES (SEQ_ANSWER_ID.NEXTVAL, 49, 'Ср.тяжести');

INSERT INTO ANSWER(ANSWER_ID, QUESTION_ID, ANSWER_VALUE) 
  VALUES (SEQ_ANSWER_ID.NEXTVAL, 49, 'Тяжелое');

INSERT INTO ANSWER(ANSWER_ID, QUESTION_ID, ANSWER_VALUE) 
  VALUES (SEQ_ANSWER_ID.NEXTVAL, 49, 'крайне тяжелое');

INSERT INTO ANSWER(ANSWER_ID, QUESTION_ID, ANSWER_VALUE) 
  VALUES (SEQ_ANSWER_ID.NEXTVAL, 49, 'преагональное'); 
  
INSERT INTO ANSWER(ANSWER_ID, QUESTION_ID, ANSWER_VALUE) 
  VALUES (SEQ_ANSWER_ID.NEXTVAL, 49, 'агональное');
  
INSERT INTO ANSWER(ANSWER_ID, QUESTION_ID, ANSWER_VALUE) 
  VALUES (SEQ_ANSWER_ID.NEXTVAL, 49, 'клиническая смерть');     

----------------------------------------------------------------------------------
INSERT INTO QUESTION(QUESTION_ID, SECTION_ID, QUESTION_ORDER, QUESTION_TEXT, ANSWER_TYPE) 
VALUES (50, 4, 50, 'Поведение', 'SELECT_BOX'); 
--  
INSERT INTO ANSWER(ANSWER_ID, QUESTION_ID, ANSWER_VALUE) 
  VALUES (SEQ_ANSWER_ID.NEXTVAL, 50, 'спокойное');
--  
INSERT INTO ANSWER(ANSWER_ID, QUESTION_ID, ANSWER_VALUE) 
  VALUES (SEQ_ANSWER_ID.NEXTVAL, 50, 'возбужденное');
--  
INSERT INTO ANSWER(ANSWER_ID, QUESTION_ID, ANSWER_VALUE) 
  VALUES (SEQ_ANSWER_ID.NEXTVAL, 50, 'агресивное');
--  
INSERT INTO ANSWER(ANSWER_ID, QUESTION_ID, ANSWER_VALUE) 
  VALUES (SEQ_ANSWER_ID.NEXTVAL, 50, 'депресивное');  


----------------------------------------------------------------------------------
INSERT INTO QUESTION(QUESTION_ID, SECTION_ID, QUESTION_ORDER, QUESTION_TEXT, ANSWER_TYPE) 
  VALUES (51, 4, 51, 'Сознание:', 'SELECT_BOX');
--  
INSERT INTO ANSWER(ANSWER_ID, QUESTION_ID, ANSWER_VALUE) 
  VALUES (SEQ_ANSWER_ID.NEXTVAL, 51, 'ясное');
--  
INSERT INTO ANSWER(ANSWER_ID, QUESTION_ID, ANSWER_VALUE) 
  VALUES (SEQ_ANSWER_ID.NEXTVAL, 51, 'угнетено');
--  
INSERT INTO ANSWER(ANSWER_ID, QUESTION_ID, ANSWER_VALUE) 
  VALUES (SEQ_ANSWER_ID.NEXTVAL, 51, 'осутствует');

-----------------------------------------------------------------------------------
INSERT INTO QUESTION(QUESTION_ID, SECTION_ID, QUESTION_ORDER, QUESTION_TEXT, ANSWER_TYPE) 
  VALUES (52, 4,52, 'Оценка по шкале глазго', 'TEXT_NUMBER_BOX');
-- ------------------------------------------------------------------------------- 
INSERT INTO QUESTION(QUESTION_ID, SECTION_ID, QUESTION_ORDER, QUESTION_TEXT, ANSWER_TYPE) 
VALUES (53, 3, 53, 'Запах Алкоголя', 'SELECT_BOX'); 
  
INSERT INTO ANSWER(ANSWER_ID, QUESTION_ID, ANSWER_VALUE) 
  VALUES (SEQ_ANSWER_ID.NEXTVAL, 53, 'Да');

INSERT INTO ANSWER(ANSWER_ID, QUESTION_ID, ANSWER_VALUE) 
  VALUES (SEQ_ANSWER_ID.NEXTVAL, 53, 'Нет'); 
-----------------------------------------------------------------------------------------
INSERT INTO QUESTION(QUESTION_ID, SECTION_ID, QUESTION_ORDER, QUESTION_TEXT, ANSWER_TYPE) 
  VALUES (54, 4,54, 'Температура тела', 'TEXT_NUMBER_BOX');
  
INSERT INTO QUESTION(QUESTION_ID, SECTION_ID, QUESTION_ORDER, QUESTION_TEXT, ANSWER_TYPE) 
  VALUES (55, 4,55, 'ЧСС', 'TEXT_NUMBER_BOX');  

INSERT INTO QUESTION(QUESTION_ID, SECTION_ID, QUESTION_ORDER, QUESTION_TEXT, ANSWER_TYPE) 
  VALUES (114, 4,114, 'АД', 'TEXT_NUMBER_BOX');  

INSERT INTO QUESTION(QUESTION_ID, SECTION_ID, QUESTION_ORDER, QUESTION_TEXT, ANSWER_TYPE) 
  VALUES (56, 4,56, 'АД привыч', 'TEXT_NUMBER_BOX');  
  
----------------------------------------------------------------------------------
INSERT INTO QUESTION(QUESTION_ID, SECTION_ID, QUESTION_ORDER, QUESTION_TEXT, ANSWER_TYPE) 
VALUES (57, 4, 57, 'Кожные покровы:', 'SELECT_BOX');
  
INSERT INTO ANSWER(ANSWER_ID, QUESTION_ID, ANSWER_VALUE) 
  VALUES (SEQ_ANSWER_ID.NEXTVAL, 57, 'нормальные');
 
INSERT INTO ANSWER(ANSWER_ID, QUESTION_ID, ANSWER_VALUE) 
  VALUES (SEQ_ANSWER_ID.NEXTVAL, 57, 'сухие');
  
INSERT INTO ANSWER(ANSWER_ID, QUESTION_ID, ANSWER_VALUE) 
  VALUES (SEQ_ANSWER_ID.NEXTVAL, 57, 'влажные');
  
INSERT INTO ANSWER(ANSWER_ID, QUESTION_ID, ANSWER_VALUE) 
  VALUES (SEQ_ANSWER_ID.NEXTVAL, 57, 'профузный пот');
  
INSERT INTO ANSWER(ANSWER_ID, QUESTION_ID, ANSWER_VALUE) 
  VALUES (SEQ_ANSWER_ID.NEXTVAL, 57, 'бледность');
  
INSERT INTO ANSWER(ANSWER_ID, QUESTION_ID, ANSWER_VALUE) 
 VALUES (SEQ_ANSWER_ID.NEXTVAL, 57, 'гипермия');
 
INSERT INTO ANSWER(ANSWER_ID, QUESTION_ID, ANSWER_VALUE) 
 VALUES (SEQ_ANSWER_ID.NEXTVAL, 57, 'желтушность');
 
INSERT INTO ANSWER(ANSWER_ID, QUESTION_ID, ANSWER_VALUE) 
  VALUES (SEQ_ANSWER_ID.NEXTVAL, 57, 'цианоз');
  
INSERT INTO ANSWER(ANSWER_ID, QUESTION_ID, ANSWER_VALUE) 
  VALUES (SEQ_ANSWER_ID.NEXTVAL, 57, 'акроцианоз');
 
INSERT INTO ANSWER(ANSWER_ID, QUESTION_ID, ANSWER_VALUE) 
 VALUES (SEQ_ANSWER_ID.NEXTVAL, 57, 'мраморность');  
   
-- ------------------------------------------------------------------------------- 
INSERT INTO QUESTION(QUESTION_ID, SECTION_ID, QUESTION_ORDER, QUESTION_TEXT, ANSWER_TYPE) 
VALUES (58, 4, 58, 'Отеки', 'SELECT_BOX'); 
  
INSERT INTO ANSWER(ANSWER_ID, QUESTION_ID, ANSWER_VALUE) 
  VALUES (SEQ_ANSWER_ID.NEXTVAL, 58, 'Да');

INSERT INTO ANSWER(ANSWER_ID, QUESTION_ID, ANSWER_VALUE) 
  VALUES (SEQ_ANSWER_ID.NEXTVAL, 58, 'Нет');   
-- ------------------------------------------------------------------------------- 
INSERT INTO QUESTION(QUESTION_ID, SECTION_ID, QUESTION_ORDER, QUESTION_TEXT, ANSWER_TYPE) 
VALUES (59, 4, 59, 'Сыпь', 'SELECT_BOX'); 
  
INSERT INTO ANSWER(ANSWER_ID, QUESTION_ID, ANSWER_VALUE) 
  VALUES (SEQ_ANSWER_ID.NEXTVAL, 59, 'Да');

INSERT INTO ANSWER(ANSWER_ID, QUESTION_ID, ANSWER_VALUE) 
  VALUES (SEQ_ANSWER_ID.NEXTVAL, 59, 'Нет');

-- ------------------------------------------------------------------------------- 
INSERT INTO QUESTION(QUESTION_ID, SECTION_ID, QUESTION_ORDER, QUESTION_TEXT, ANSWER_TYPE) 
VALUES (115, 4, 115, 'Зрачки', 'SELECT_BOX'); 
  
INSERT INTO ANSWER(ANSWER_ID, QUESTION_ID, ANSWER_VALUE) 
  VALUES (SEQ_ANSWER_ID.NEXTVAL, 115, 'Нормальные');

INSERT INTO ANSWER(ANSWER_ID, QUESTION_ID, ANSWER_VALUE) 
  VALUES (SEQ_ANSWER_ID.NEXTVAL, 115, 'широкие'); 

INSERT INTO ANSWER(ANSWER_ID, QUESTION_ID, ANSWER_VALUE) 
  VALUES (SEQ_ANSWER_ID.NEXTVAL, 115, 'узкие');   

--------------------------------------------------------------------------------- 
INSERT INTO QUESTION(QUESTION_ID, SECTION_ID, QUESTION_ORDER, QUESTION_TEXT, ANSWER_TYPE) 
VALUES (116, 4, 116, 'Реакция на свет', 'SELECT_BOX'); 
  
INSERT INTO ANSWER(ANSWER_ID, QUESTION_ID, ANSWER_VALUE) 
  VALUES (SEQ_ANSWER_ID.NEXTVAL, 116, 'Есть');

INSERT INTO ANSWER(ANSWER_ID, QUESTION_ID, ANSWER_VALUE) 
  VALUES (SEQ_ANSWER_ID.NEXTVAL, 116, 'Нет'); 

-- ------------------------------------------------------------------------------- 
INSERT INTO QUESTION(QUESTION_ID, SECTION_ID, QUESTION_ORDER, QUESTION_TEXT, ANSWER_TYPE) 
VALUES (60, 4, 60, 'Нистагм', 'SELECT_BOX'); 
  
INSERT INTO ANSWER(ANSWER_ID, QUESTION_ID, ANSWER_VALUE) 
  VALUES (SEQ_ANSWER_ID.NEXTVAL, 60, 'Есть');

INSERT INTO ANSWER(ANSWER_ID, QUESTION_ID, ANSWER_VALUE) 
  VALUES (SEQ_ANSWER_ID.NEXTVAL, 60, 'Нет');
  
----------------------------------------------------------------------------------
INSERT INTO QUESTION(QUESTION_ID, SECTION_ID, QUESTION_ORDER, QUESTION_TEXT, ANSWER_TYPE) 
 VALUES (61, 4, 61, 'Мышечный тонус:', 'SELECT_BOX');
  
INSERT INTO ANSWER(ANSWER_ID, QUESTION_ID, ANSWER_VALUE) 
 VALUES (SEQ_ANSWER_ID.NEXTVAL, 61, 'нормальный');
  
INSERT INTO ANSWER(ANSWER_ID, QUESTION_ID, ANSWER_VALUE) 
  VALUES (SEQ_ANSWER_ID.NEXTVAL, 61, 'повышен');  
  
INSERT INTO ANSWER(ANSWER_ID, QUESTION_ID, ANSWER_VALUE) 
  VALUES (SEQ_ANSWER_ID.NEXTVAL, 61, 'снижен');
  
INSERT INTO ANSWER(ANSWER_ID, QUESTION_ID, ANSWER_VALUE) 
  VALUES (SEQ_ANSWER_ID.NEXTVAL, 61, 'рефлексы');  
  
-- ------------------------------------------------------------------------------- 
INSERT INTO QUESTION(QUESTION_ID, SECTION_ID, QUESTION_ORDER, QUESTION_TEXT, ANSWER_TYPE) 
VALUES (62, 4, 62, 'Очаг.невр.симпт', 'SELECT_BOX'); 
  
INSERT INTO ANSWER(ANSWER_ID, QUESTION_ID, ANSWER_VALUE) 
  VALUES (SEQ_ANSWER_ID.NEXTVAL, 62, 'Есть');

INSERT INTO ANSWER(ANSWER_ID, QUESTION_ID, ANSWER_VALUE) 
  VALUES (SEQ_ANSWER_ID.NEXTVAL, 62, 'Нет');  
  
-- ------------------------------------------------------------------------------- 
INSERT INTO QUESTION(QUESTION_ID, SECTION_ID, QUESTION_ORDER, QUESTION_TEXT, ANSWER_TYPE) 
VALUES (63, 4, 63, 'Менингиал знаки', 'SELECT_BOX'); 
  
INSERT INTO ANSWER(ANSWER_ID, QUESTION_ID, ANSWER_VALUE) 
  VALUES (SEQ_ANSWER_ID.NEXTVAL, 63, 'Есть');

INSERT INTO ANSWER(ANSWER_ID, QUESTION_ID, ANSWER_VALUE) 
  VALUES (SEQ_ANSWER_ID.NEXTVAL, 63, 'Нет');  
----------------------------------------------------------------------------------

INSERT INTO QUESTION(QUESTION_ID, SECTION_ID, QUESTION_ORDER, QUESTION_TEXT, ANSWER_TYPE) 
  VALUES (64, 4, 64, 'Одышка:', 'SELECT_BOX');
  
INSERT INTO ANSWER(ANSWER_ID, QUESTION_ID, ANSWER_VALUE) 
 VALUES (SEQ_ANSWER_ID.NEXTVAL, 64, 'нет');
  
INSERT INTO ANSWER(ANSWER_ID, QUESTION_ID, ANSWER_VALUE) 
  VALUES (SEQ_ANSWER_ID.NEXTVAL, 64, 'инспираторная');  
  
INSERT INTO ANSWER(ANSWER_ID, QUESTION_ID, ANSWER_VALUE) 
  VALUES (SEQ_ANSWER_ID.NEXTVAL, 64, 'экспираторная');
  
INSERT INTO ANSWER(ANSWER_ID, QUESTION_ID, ANSWER_VALUE) 
  VALUES (SEQ_ANSWER_ID.NEXTVAL, 64, 'смешенная');
  
INSERT INTO QUESTION(QUESTION_ID, SECTION_ID, QUESTION_ORDER, QUESTION_TEXT, ANSWER_TYPE) 
  VALUES (67, 4,67, 'ЧДД', 'TEXT_NUMBER_BOX');
  
----------------------------------------------------------------------------------
INSERT INTO QUESTION(QUESTION_ID, SECTION_ID, QUESTION_ORDER, QUESTION_TEXT, ANSWER_TYPE) 
  VALUES (68, 4, 68, 'Дыхание:', 'SELECT_BOX');
  
INSERT INTO ANSWER(ANSWER_ID, QUESTION_ID, ANSWER_VALUE) 
  VALUES (SEQ_ANSWER_ID.NEXTVAL, 68, 'ритмичное');
  
INSERT INTO ANSWER(ANSWER_ID, QUESTION_ID, ANSWER_VALUE) 
  VALUES (SEQ_ANSWER_ID.NEXTVAL, 68, 'аритмичное');  
 
INSERT INTO ANSWER(ANSWER_ID, QUESTION_ID, ANSWER_VALUE) 
 VALUES (SEQ_ANSWER_ID.NEXTVAL, 68, 'отсутствует');  
 
----------------------------------------------------------------------------------
INSERT INTO QUESTION(QUESTION_ID, SECTION_ID, QUESTION_ORDER, QUESTION_TEXT, ANSWER_TYPE) 
  VALUES (69, 4, 69, 'Аускультация:', 'SELECT_BOX');
 
INSERT INTO ANSWER(ANSWER_ID, QUESTION_ID, ANSWER_VALUE) 
 VALUES (SEQ_ANSWER_ID.NEXTVAL, 69, 'везикулярное');
  
INSERT INTO ANSWER(ANSWER_ID, QUESTION_ID, ANSWER_VALUE) 
  VALUES (SEQ_ANSWER_ID.NEXTVAL, 69, 'жесткое');  
  
INSERT INTO ANSWER(ANSWER_ID, QUESTION_ID, ANSWER_VALUE) 
  VALUES (SEQ_ANSWER_ID.NEXTVAL, 69, 'ослабленное D S'); 
 
 INSERT INTO ANSWER(ANSWER_ID, QUESTION_ID, ANSWER_VALUE) 
  VALUES (SEQ_ANSWER_ID.NEXTVAL, 69, 'бронхиальное');  
 
INSERT INTO ANSWER(ANSWER_ID, QUESTION_ID, ANSWER_VALUE) 
  VALUES (SEQ_ANSWER_ID.NEXTVAL, 69, 'пуэрильное');
  
----------------------------------------------------------------------------------
INSERT INTO QUESTION(QUESTION_ID, SECTION_ID, QUESTION_ORDER, QUESTION_TEXT, ANSWER_TYPE) 
  VALUES (70, 4, 70, 'Хрипы:', 'SELECT_BOX');
  
INSERT INTO ANSWER(ANSWER_ID, QUESTION_ID, ANSWER_VALUE) 
  VALUES (SEQ_ANSWER_ID.NEXTVAL, 70, 'Сухие D S');
  
INSERT INTO ANSWER(ANSWER_ID, QUESTION_ID, ANSWER_VALUE) 
  VALUES (SEQ_ANSWER_ID.NEXTVAL, 70, 'Влажные  D S');  
 
INSERT INTO ANSWER(ANSWER_ID, QUESTION_ID, ANSWER_VALUE) 
  VALUES (SEQ_ANSWER_ID.NEXTVAL, 70, 'Крепитация D S'); 

----------------------------------------------------------------------------------
INSERT INTO QUESTION(QUESTION_ID, SECTION_ID, QUESTION_ORDER, QUESTION_TEXT, ANSWER_TYPE) 
  VALUES (71, 4, 71, 'Перкурсия:', 'SELECT_BOX');
 
INSERT INTO ANSWER(ANSWER_ID, QUESTION_ID, ANSWER_VALUE) 
  VALUES (SEQ_ANSWER_ID.NEXTVAL, 71, 'Звук легочный');
 
INSERT INTO ANSWER(ANSWER_ID, QUESTION_ID, ANSWER_VALUE) 
  VALUES (SEQ_ANSWER_ID.NEXTVAL, 71, 'Коробочный  D S');  
  
INSERT INTO ANSWER(ANSWER_ID, QUESTION_ID, ANSWER_VALUE) 
 VALUES (SEQ_ANSWER_ID.NEXTVAL, 71, 'притупление D S');
 
----------------------------------------------------------------------------------
INSERT INTO QUESTION(QUESTION_ID, SECTION_ID, QUESTION_ORDER, QUESTION_TEXT, ANSWER_TYPE) 
  VALUES (72, 4, 72, 'Границы Сердца:', 'SELECT_BOX');
  
INSERT INTO ANSWER(ANSWER_ID, QUESTION_ID, ANSWER_VALUE) 
  VALUES (SEQ_ANSWER_ID.NEXTVAL, 72, 'не изменены');
  
INSERT INTO ANSWER(ANSWER_ID, QUESTION_ID, ANSWER_VALUE) 
 VALUES (SEQ_ANSWER_ID.NEXTVAL, 72, 'расширены'); 

--------------------------------------------------------------------------------------------  
INSERT INTO QUESTION(QUESTION_ID, SECTION_ID, QUESTION_ORDER, QUESTION_TEXT, ANSWER_TYPE) 
  VALUES (73, 4,73, 'Пульс', 'TEXT_NUMBER_BOX');  
  
INSERT INTO QUESTION(QUESTION_ID, SECTION_ID, QUESTION_ORDER, QUESTION_TEXT, ANSWER_TYPE) 
  VALUES (74, 4, 74, 'Пульс:', 'SELECT_BOX');  
  
INSERT INTO ANSWER(ANSWER_ID, QUESTION_ID, ANSWER_VALUE) 
  VALUES (SEQ_ANSWER_ID.NEXTVAL, 74, 'норма наполнения');
 
INSERT INTO ANSWER(ANSWER_ID, QUESTION_ID, ANSWER_VALUE) 
  VALUES (SEQ_ANSWER_ID.NEXTVAL, 74, 'нитевидный');

INSERT INTO ANSWER(ANSWER_ID, QUESTION_ID, ANSWER_VALUE) 
  VALUES (SEQ_ANSWER_ID.NEXTVAL, 74, 'отсутствует');
   
----------------------------------------------------------------------------------
INSERT INTO QUESTION(QUESTION_ID, SECTION_ID, QUESTION_ORDER, QUESTION_TEXT, ANSWER_TYPE) 
  VALUES (75, 4, 75, 'Сердцебиение:', 'SELECT_BOX');
 
INSERT INTO ANSWER(ANSWER_ID, QUESTION_ID, ANSWER_VALUE) 
  VALUES (SEQ_ANSWER_ID.NEXTVAL, 75, 'ритмичное');
 
INSERT INTO ANSWER(ANSWER_ID, QUESTION_ID, ANSWER_VALUE) 
  VALUES (SEQ_ANSWER_ID.NEXTVAL, 75, 'аритмичное');

INSERT INTO ANSWER(ANSWER_ID, QUESTION_ID, ANSWER_VALUE) 
  VALUES (SEQ_ANSWER_ID.NEXTVAL, 75, 'отсутствует');
 
----------------------------------------------------------------------------------
INSERT INTO QUESTION(QUESTION_ID, SECTION_ID, QUESTION_ORDER, QUESTION_TEXT, ANSWER_TYPE) 
  VALUES (76, 4, 76, 'Тоны Сердца:','SELECT_BOX');
  
INSERT INTO ANSWER(ANSWER_ID, QUESTION_ID, ANSWER_VALUE) 
  VALUES (SEQ_ANSWER_ID.NEXTVAL, 76, 'ясные');
  
INSERT INTO ANSWER(ANSWER_ID, QUESTION_ID, ANSWER_VALUE) 
  VALUES (SEQ_ANSWER_ID.NEXTVAL, 76, 'усиление');

INSERT INTO ANSWER(ANSWER_ID, QUESTION_ID, ANSWER_VALUE) 
  VALUES (SEQ_ANSWER_ID.NEXTVAL, 76, 'ослабление'); 
  
----------------------------------------------------------------------------------
INSERT INTO QUESTION(QUESTION_ID, SECTION_ID, QUESTION_ORDER, QUESTION_TEXT, ANSWER_TYPE) 
  VALUES (77, 4, 77, 'Шумы:', 'SELECT_BOX');
 
INSERT INTO ANSWER(ANSWER_ID, QUESTION_ID, ANSWER_VALUE) 
  VALUES (SEQ_ANSWER_ID.NEXTVAL, 77, 'есть');
  
INSERT INTO ANSWER(ANSWER_ID, QUESTION_ID, ANSWER_VALUE) 
 VALUES (SEQ_ANSWER_ID.NEXTVAL, 77, 'нет');

----------------------------------------------------------------------------------
INSERT INTO QUESTION(QUESTION_ID, SECTION_ID, QUESTION_ORDER, QUESTION_TEXT, ANSWER_TYPE) 
  VALUES (78, 4, 78, 'Язык:', 'SELECT_BOX');
  
INSERT INTO ANSWER(ANSWER_ID, QUESTION_ID, ANSWER_VALUE) 
  VALUES (SEQ_ANSWER_ID.NEXTVAL, 78, 'Влажный');
  
INSERT INTO ANSWER(ANSWER_ID, QUESTION_ID, ANSWER_VALUE) 
 VALUES (SEQ_ANSWER_ID.NEXTVAL, 78, 'Сухой');
 
INSERT INTO ANSWER(ANSWER_ID, QUESTION_ID, ANSWER_VALUE) 
  VALUES (SEQ_ANSWER_ID.NEXTVAL, 78, 'Чистый');
 
INSERT INTO ANSWER(ANSWER_ID, QUESTION_ID, ANSWER_VALUE) 
  VALUES (SEQ_ANSWER_ID.NEXTVAL, 78, 'Обложен');
  
INSERT INTO ANSWER(ANSWER_ID, QUESTION_ID, ANSWER_VALUE) 
  VALUES (SEQ_ANSWER_ID.NEXTVAL, 78, 'Следы прикуса'); 

----------------------------------------------------------------------------------
INSERT INTO QUESTION(QUESTION_ID, SECTION_ID, QUESTION_ORDER, QUESTION_TEXT, ANSWER_TYPE) 
 VALUES (79, 4, 79, 'Ротоглотка:', 'SELECT_BOX');
 
INSERT INTO ANSWER(ANSWER_ID, QUESTION_ID, ANSWER_VALUE) 
  VALUES (SEQ_ANSWER_ID.NEXTVAL, 79, 'Чистая');
  
INSERT INTO ANSWER(ANSWER_ID, QUESTION_ID, ANSWER_VALUE) 
 VALUES (SEQ_ANSWER_ID.NEXTVAL, 79, 'гипермия');
  
INSERT INTO ANSWER(ANSWER_ID, QUESTION_ID, ANSWER_VALUE) 
 VALUES (SEQ_ANSWER_ID.NEXTVAL, 79, 'Отек');
 
INSERT INTO ANSWER(ANSWER_ID, QUESTION_ID, ANSWER_VALUE) 
  VALUES (SEQ_ANSWER_ID.NEXTVAL, 79, 'Налеты');
 
----------------------------------------------------------------------------------
INSERT INTO QUESTION(QUESTION_ID, SECTION_ID, QUESTION_ORDER, QUESTION_TEXT, ANSWER_TYPE) 
  VALUES (80, 4, 80, 'Живот:', 'SELECT_BOX');
  
INSERT INTO ANSWER(ANSWER_ID, QUESTION_ID, ANSWER_VALUE) 
 VALUES (SEQ_ANSWER_ID.NEXTVAL, 80, 'Мягкий');
  
INSERT INTO ANSWER(ANSWER_ID, QUESTION_ID, ANSWER_VALUE) 
  VALUES (SEQ_ANSWER_ID.NEXTVAL, 80, 'Напряжен');
 
INSERT INTO ANSWER(ANSWER_ID, QUESTION_ID, ANSWER_VALUE) 
  VALUES (SEQ_ANSWER_ID.NEXTVAL, 80, 'Безболезненный');
  
INSERT INTO ANSWER(ANSWER_ID, QUESTION_ID, ANSWER_VALUE) 
  VALUES (SEQ_ANSWER_ID.NEXTVAL, 80, 'Болезненный');   
  
INSERT INTO ANSWER(ANSWER_ID, QUESTION_ID, ANSWER_VALUE) 
  VALUES (SEQ_ANSWER_ID.NEXTVAL, 80, 'Вздут'); 

----------------------------------------------------------------------------------
INSERT INTO QUESTION(QUESTION_ID, SECTION_ID, QUESTION_ORDER, QUESTION_TEXT, ANSWER_TYPE) 
  VALUES (81, 4, 81, 'Участие в акте Дыхания:', 'SELECT_BOX');
  
INSERT INTO ANSWER(ANSWER_ID, QUESTION_ID, ANSWER_VALUE) 
 VALUES (SEQ_ANSWER_ID.NEXTVAL, 81, 'усаствует');
  
INSERT INTO ANSWER(ANSWER_ID, QUESTION_ID, ANSWER_VALUE) 
 VALUES (SEQ_ANSWER_ID.NEXTVAL, 81, 'нет');
  
----------------------------------------------------------------------------------
INSERT INTO QUESTION(QUESTION_ID, SECTION_ID, QUESTION_ORDER, QUESTION_TEXT, ANSWER_TYPE) 
  VALUES (82, 4, 82, 'Кишечные шумы:', 'SELECT_BOX');
  
INSERT INTO ANSWER(ANSWER_ID, QUESTION_ID, ANSWER_VALUE) 
  VALUES (SEQ_ANSWER_ID.NEXTVAL, 82, 'есть');
 
INSERT INTO ANSWER(ANSWER_ID, QUESTION_ID, ANSWER_VALUE) 
  VALUES (SEQ_ANSWER_ID.NEXTVAL, 82, 'нет');
 
----------------------------------------------------------------------------------
INSERT INTO QUESTION(QUESTION_ID, SECTION_ID, QUESTION_ORDER, QUESTION_TEXT, ANSWER_TYPE) 
  VALUES (83, 4, 83, 'Симптомы раздроженной брюшины:', 'SELECT_BOX');
  
INSERT INTO ANSWER(ANSWER_ID, QUESTION_ID, ANSWER_VALUE) 
 VALUES (SEQ_ANSWER_ID.NEXTVAL, 83, 'есть');
 
INSERT INTO ANSWER(ANSWER_ID, QUESTION_ID, ANSWER_VALUE) 
  VALUES (SEQ_ANSWER_ID.NEXTVAL, 83, 'нет'); 

----------------------------------------------------------------------------------
INSERT INTO QUESTION(QUESTION_ID, SECTION_ID, QUESTION_ORDER, QUESTION_TEXT, ANSWER_TYPE) 
  VALUES (84, 4, 84, 'Печень:', 'SELECT_BOX');
  
INSERT INTO ANSWER(ANSWER_ID, QUESTION_ID, ANSWER_VALUE) 
  VALUES (SEQ_ANSWER_ID.NEXTVAL, 84, 'не пальпируется');
  
INSERT INTO ANSWER(ANSWER_ID, QUESTION_ID, ANSWER_VALUE) 
  VALUES (SEQ_ANSWER_ID.NEXTVAL, 84, 'пальпируется');

INSERT INTO ANSWER(ANSWER_ID, QUESTION_ID, ANSWER_VALUE) 
VALUES (SEQ_ANSWER_ID.NEXTVAL, 84, 'без болезнено');
 
INSERT INTO ANSWER(ANSWER_ID, QUESTION_ID, ANSWER_VALUE) 
  VALUES (SEQ_ANSWER_ID.NEXTVAL, 84, 'болезнено');

----------------------------------------------------------------------------------
INSERT INTO QUESTION(QUESTION_ID, SECTION_ID, QUESTION_ORDER, QUESTION_TEXT, ANSWER_TYPE) 
  VALUES (85, 4, 85, 'Рвота:', 'SELECT_BOX');
  
INSERT INTO ANSWER(ANSWER_ID, QUESTION_ID, ANSWER_VALUE) 
  VALUES (SEQ_ANSWER_ID.NEXTVAL, 85, 'есть');
  
INSERT INTO ANSWER(ANSWER_ID, QUESTION_ID, ANSWER_VALUE) 
  VALUES (SEQ_ANSWER_ID.NEXTVAL, 85, 'нет'); 
  
----------------------------------------------------------------------------------
INSERT INTO QUESTION(QUESTION_ID, SECTION_ID, QUESTION_ORDER, QUESTION_TEXT, ANSWER_TYPE) 
  VALUES (86, 4, 86, 'Нарушение Диуреза:', 'SELECT_BOX');
  
INSERT INTO ANSWER(ANSWER_ID, QUESTION_ID, ANSWER_VALUE) 
  VALUES (SEQ_ANSWER_ID.NEXTVAL, 86, 'есть');
  
INSERT INTO ANSWER(ANSWER_ID, QUESTION_ID, ANSWER_VALUE) 
 VALUES (SEQ_ANSWER_ID.NEXTVAL, 86, 'нет');    
  
----------------------------------------------------------------------------------
INSERT INTO QUESTION(QUESTION_ID, SECTION_ID, QUESTION_ORDER, QUESTION_TEXT, ANSWER_TYPE) 
  VALUES (87, 4, 87, 'Нарушение Дифекции:', 'SELECT_BOX');
  INSERT INTO ANSWER(ANSWER_ID, QUESTION_ID, ANSWER_VALUE) 
VALUES (SEQ_ANSWER_ID.NEXTVAL, 87, 'есть');
 
INSERT INTO ANSWER(ANSWER_ID, QUESTION_ID, ANSWER_VALUE) 
  VALUES (SEQ_ANSWER_ID.NEXTVAL, 87, 'нет'); 

----------------------------------------------------------------------------------
INSERT INTO QUESTION(QUESTION_ID, SECTION_ID, QUESTION_ORDER, QUESTION_TEXT, ANSWER_TYPE) 
 VALUES (88, 4, 88, 'Травмированнные повреждения:', 'SELECT_BOX');
  
INSERT INTO ANSWER(ANSWER_ID, QUESTION_ID, ANSWER_VALUE) 
  VALUES (SEQ_ANSWER_ID.NEXTVAL, 88, 'есть');
  
INSERT INTO ANSWER(ANSWER_ID, QUESTION_ID, ANSWER_VALUE) 
 VALUES (SEQ_ANSWER_ID.NEXTVAL, 88, 'нет');   

----------------------------------------------------------------------------------
INSERT INTO QUESTION(QUESTION_ID, SECTION_ID, QUESTION_ORDER, QUESTION_TEXT, ANSWER_TYPE) 
  VALUES (89, 4, 89, 'Балл шокогенности', 'TEXT_NUMBER_BOX');   

----------------------------------------------------------------------------------  
INSERT INTO QUESTION(QUESTION_ID, SECTION_ID, QUESTION_ORDER, QUESTION_TEXT, ANSWER_TYPE) 
  VALUES (90, 4, 90, 'Дополнительные данные', 'TEXT_BOX'); 

-- SECTION Эффект проведенных мероприятий ----------------------------------------------------------------
INSERT INTO SECTION(SECTION_ID, SECTION_NAME, SECTION_DESCRIPTION) VALUES (5, 'Эффект', 'Данные пациента'); 

INSERT INTO QUESTION(QUESTION_ID, SECTION_ID, QUESTION_ORDER, QUESTION_TEXT, ANSWER_TYPE) 
 VALUES (91, 5, 91, 'Эффективность проведенных мероприятий', 'TEXT_NUMBER_BOX');   
--  
----------------------------------------------------------------------------------
INSERT INTO QUESTION(QUESTION_ID, SECTION_ID, QUESTION_ORDER, QUESTION_TEXT, ANSWER_TYPE) 
  VALUES (92, 5, 92, 'АД','TEXT_NUMBER_BOX'); 
  
INSERT INTO QUESTION(QUESTION_ID, SECTION_ID, QUESTION_ORDER, QUESTION_TEXT, ANSWER_TYPE) 
  VALUES (93, 5, 93, 'ЧСС', 'TEXT_NUMBER_BOX');  
 
INSERT INTO QUESTION(QUESTION_ID, SECTION_ID, QUESTION_ORDER, QUESTION_TEXT, ANSWER_TYPE) 
 VALUES (94, 5, 94, 'Пульс', 'TEXT_NUMBER_BOX'); 
  
INSERT INTO QUESTION(QUESTION_ID, SECTION_ID, QUESTION_ORDER, QUESTION_TEXT, ANSWER_TYPE) 
  VALUES (95, 5, 95, 'ЧДД', 'TEXT_NUMBER_BOX');
  
INSERT INTO QUESTION(QUESTION_ID, SECTION_ID, QUESTION_ORDER, QUESTION_TEXT, ANSWER_TYPE) 
  VALUES (96, 5, 96, 'Температура', 'TEXT_NUMBER_BOX'); 

INSERT INTO QUESTION(QUESTION_ID, SECTION_ID, QUESTION_ORDER, QUESTION_TEXT, ANSWER_TYPE) 
  VALUES (97, 5, 97, 'Оценка по шкале Глазго:', 'TEXT_NUMBER_BOX');


-- SECTION Отказ от медецинского вмешательства ----------------------------------------------------------------
INSERT INTO SECTION(SECTION_ID, SECTION_NAME, SECTION_DESCRIPTION) VALUES (6, 'Отказ Пациента', 'Данные пациента'); 

INSERT INTO QUESTION(QUESTION_ID, SECTION_ID, QUESTION_ORDER, QUESTION_TEXT, ANSWER_TYPE) 
  VALUES (98, 6, 98, 'Обследования:', 'Check_BOX');

INSERT INTO QUESTION(QUESTION_ID, SECTION_ID, QUESTION_ORDER, QUESTION_TEXT, ANSWER_TYPE) 
  VALUES (99, 6, 99, 'Мед помощи:', 'Check_BOX');

INSERT INTO QUESTION(QUESTION_ID, SECTION_ID, QUESTION_ORDER, QUESTION_TEXT, ANSWER_TYPE) 
  VALUES (100, 6, 100, 'Мед.эвакуации:', 'Check_BOX');
  
 INSERT INTO QUESTION(QUESTION_ID, SECTION_ID, QUESTION_ORDER, QUESTION_TEXT, ANSWER_TYPE) 
  VALUES (101, 6, 101, 'Переноски:', 'Check_BOX'); 

 INSERT INTO QUESTION(QUESTION_ID, SECTION_ID, QUESTION_ORDER, QUESTION_TEXT, ANSWER_TYPE) 
  VALUES (102, 6, 102, 'Последствия отказа разъесены мне в доступной форме:', 'Text_BOX');
  
  
-- SECTION Оказанная помощь ----------------------------------------------------------------
INSERT INTO SECTION(SECTION_ID, SECTION_NAME, SECTION_DESCRIPTION) VALUES (7, 'Оказанная помощь', 'Данные');   

 INSERT INTO QUESTION(QUESTION_ID, SECTION_ID, QUESTION_ORDER, QUESTION_TEXT, ANSWER_TYPE) 
  VALUES (103, 7, 103, 'Диагноз:', 'Text_BOX');  
  
 INSERT INTO QUESTION(QUESTION_ID, SECTION_ID, QUESTION_ORDER, QUESTION_TEXT, ANSWER_TYPE) 
  VALUES (104, 7, 104, 'Оказанная помощь:', 'Text_BOX');  
  
  -- SECTION Оказанная помощь ----------------------------------------------------------------
INSERT INTO SECTION(SECTION_ID, SECTION_NAME, SECTION_DESCRIPTION) VALUES (8, 'Результаты Помощи', 'Данные'); 
  
INSERT INTO QUESTION(QUESTION_ID, SECTION_ID, QUESTION_ORDER, QUESTION_TEXT, ANSWER_TYPE) 
  VALUES (105, 8, 105, 'Обследования:', 'Check_BOX');

INSERT INTO QUESTION(QUESTION_ID, SECTION_ID, QUESTION_ORDER, QUESTION_TEXT, ANSWER_TYPE) 
  VALUES (106, 8, 106, 'Мед помощи:', 'Check_BOX');

INSERT INTO QUESTION(QUESTION_ID, SECTION_ID, QUESTION_ORDER, QUESTION_TEXT, ANSWER_TYPE) 
  VALUES (107, 8, 107, 'Мед.эвакуации:', 'Check_BOX');
  
 INSERT INTO QUESTION(QUESTION_ID, SECTION_ID, QUESTION_ORDER, QUESTION_TEXT, ANSWER_TYPE) 
  VALUES (108, 8, 108, 'Переноски:', 'Check_BOX');  
  
  INSERT INTO QUESTION(QUESTION_ID, SECTION_ID, QUESTION_ORDER, QUESTION_TEXT, ANSWER_TYPE) 
  VALUES (109, 8, 109, 'Мед.эвакуации:', 'Check_BOX');
  
 INSERT INTO QUESTION(QUESTION_ID, SECTION_ID, QUESTION_ORDER, QUESTION_TEXT, ANSWER_TYPE) 
  VALUES (110, 8, 110, 'Переноски:', 'Check_BOX');

INSERT INTO QUESTION(QUESTION_ID, SECTION_ID, QUESTION_ORDER, QUESTION_TEXT, ANSWER_TYPE) 
  VALUES (111, 8, 111, 'Время констатации', 'TEXT_TIME_BOX');  
  
  
  
  
 
COMMIT;


