-- PROFILE
INSERT INTO BRIGADE_PROFILE(PROFILE_ID, REDUCTION, TRANSCRIPT) VALUES (SEQ_PROFILE_ID.NEXTVAL, 'ф/бр', 'фельдшерская бригада');
INSERT INTO BRIGADE_PROFILE(PROFILE_ID, REDUCTION, TRANSCRIPT) VALUES (SEQ_PROFILE_ID.NEXTVAL, 'тр', 'транспортная бригада');
INSERT INTO BRIGADE_PROFILE(PROFILE_ID, REDUCTION, TRANSCRIPT) VALUES (SEQ_PROFILE_ID.NEXTVAL, 'ул', 'уличная бригада');
INSERT INTO BRIGADE_PROFILE(PROFILE_ID, REDUCTION, TRANSCRIPT) VALUES (SEQ_PROFILE_ID.NEXTVAL, 'вр', 'врачебная бригада');

-- MEDIC POSITION
INSERT INTO MEDIC_POSITION(POSITION_ID, POSITION_VALUE) VALUES (SEQ_POSITION_ID.NEXTVAL, 'фельдшер');
INSERT INTO MEDIC_POSITION(POSITION_ID, POSITION_VALUE) VALUES (SEQ_POSITION_ID.NEXTVAL, 'старший фельдшер');
INSERT INTO MEDIC_POSITION(POSITION_ID, POSITION_VALUE) VALUES (SEQ_POSITION_ID.NEXTVAL, 'главврач');
INSERT INTO MEDIC_POSITION(POSITION_ID, POSITION_VALUE) VALUES (SEQ_POSITION_ID.NEXTVAL, 'старшая медсестра');
INSERT INTO MEDIC_POSITION(POSITION_ID, POSITION_VALUE) VALUES (SEQ_POSITION_ID.NEXTVAL, 'диспетчер');


-- DEPARTMENT
INSERT INTO DEPARTMENT(DEPARTMENT_ID, DEPARTMENT_NAME) VALUES (SEQ_POSITION_ID.NEXTVAL, '"Городская станция скорой медицинской помощи" Подстанция №16');
INSERT INTO DEPARTMENT(DEPARTMENT_ID, DEPARTMENT_NAME) VALUES (SEQ_POSITION_ID.NEXTVAL, '"Городская многопрофильная больница" № 2');


-- USER ROLE
INSERT INTO USER_ROLE(ROLE_ID, ROLE_VALUE) VALUES (SEQ_ROLE_ID.NEXTVAL, 'CARD_ADD');
INSERT INTO USER_ROLE(ROLE_ID, ROLE_VALUE) VALUES (SEQ_ROLE_ID.NEXTVAL, 'CARD_DELETE');
INSERT INTO USER_ROLE(ROLE_ID, ROLE_VALUE) VALUES (SEQ_ROLE_ID.NEXTVAL, 'CARD_EDIT');
INSERT INTO USER_ROLE(ROLE_ID, ROLE_VALUE) VALUES (SEQ_ROLE_ID.NEXTVAL, 'CARD_SEARCH');
INSERT INTO USER_ROLE(ROLE_ID, ROLE_VALUE) VALUES (SEQ_ROLE_ID.NEXTVAL, 'USER_ADD');
INSERT INTO USER_ROLE(ROLE_ID, ROLE_VALUE) VALUES (SEQ_ROLE_ID.NEXTVAL, 'USER_DELETE');
INSERT INTO USER_ROLE(ROLE_ID, ROLE_VALUE) VALUES (SEQ_ROLE_ID.NEXTVAL, 'USER_EDIT');
INSERT INTO USER_ROLE(ROLE_ID, ROLE_VALUE) VALUES (SEQ_ROLE_ID.NEXTVAL, 'USER_SEARCH');


-- MEDIC USER
INSERT INTO MEDIC_USER(USER_ID, FIRST_NAME, MIDDLE_NAME, LAST_NAME, E_MAIL_ADDRESS) 
  VALUES (SEQ_USER_ID.NEXTVAL, 'Юрий', 'Столяренко', 'Анатольевич', 'yourunSpb@gmail.com');
INSERT INTO MEDIC_USER(USER_ID, FIRST_NAME, MIDDLE_NAME, LAST_NAME, E_MAIL_ADDRESS) 
  VALUES (SEQ_USER_ID.NEXTVAL, 'Дэн', 'Лобанов', 'Aлександрович', 'denisSpb@gmail.com');
INSERT INTO MEDIC_USER(USER_ID, FIRST_NAME, MIDDLE_NAME, LAST_NAME, E_MAIL_ADDRESS) 
  VALUES (SEQ_USER_ID.NEXTVAL, 'Надежда', 'Аверьянова', 'Станислаловна', 'nadySpb@gmail.com');
  
-- MEDIC
INSERT INTO MEDIC(MEDIC_ID, POSITION_ID, USER_ID) VALUES (
    SEQ_USER_ID.NEXTVAL, 
    (SELECT POSITION_ID FROM MEDIC_POSITION WHERE POSITION_VALUE = 'главврач'),
    (SELECT USER_ID FROM MEDIC_USER WHERE  MIDDLE_NAME = 'Столяренко'));
    
INSERT INTO MEDIC(MEDIC_ID, POSITION_ID, USER_ID) VALUES (
    SEQ_USER_ID.NEXTVAL, 
    (SELECT POSITION_ID FROM MEDIC_POSITION WHERE POSITION_VALUE = 'старший фельдшер'),
    (SELECT USER_ID FROM MEDIC_USER WHERE  MIDDLE_NAME = 'Аверьянова'));
    
INSERT INTO MEDIC(MEDIC_ID, POSITION_ID, USER_ID) VALUES (
    SEQ_USER_ID.NEXTVAL, 
    (SELECT POSITION_ID FROM MEDIC_POSITION WHERE POSITION_VALUE = 'фельдшер'),
    (SELECT USER_ID FROM MEDIC_USER WHERE  MIDDLE_NAME = 'Лобанов'));
    
-- MEDIC ROLE
INSERT INTO MEDIC_ROLE(MEDIC_ID, ROLE_ID) VALUES (
  (SELECT medic.MEDIC_ID FROM MEDIC medic INNER JOIN MEDIC_USER muser ON muser.USER_ID = medic.USER_ID WHERE muser.MIDDLE_NAME = 'Столяренко'),
  (SELECT ROLE_ID FROM USER_ROLE WHERE ROLE_VALUE = 'CARD_ADD'));

INSERT INTO MEDIC_ROLE(MEDIC_ID, ROLE_ID) VALUES (
  (SELECT medic.MEDIC_ID FROM MEDIC medic INNER JOIN MEDIC_USER muser ON muser.USER_ID = medic.USER_ID WHERE muser.MIDDLE_NAME = 'Столяренко'),
  (SELECT ROLE_ID FROM USER_ROLE WHERE ROLE_VALUE = 'CARD_DELETE'));

INSERT INTO MEDIC_ROLE(MEDIC_ID, ROLE_ID) VALUES (
  (SELECT medic.MEDIC_ID FROM MEDIC medic INNER JOIN MEDIC_USER muser ON muser.USER_ID = medic.USER_ID WHERE muser.MIDDLE_NAME = 'Столяренко'),
  (SELECT ROLE_ID FROM USER_ROLE WHERE ROLE_VALUE = 'CARD_EDIT'));


INSERT INTO MEDIC_ROLE(MEDIC_ID, ROLE_ID) VALUES (
  (SELECT medic.MEDIC_ID FROM MEDIC medic INNER JOIN MEDIC_USER muser ON muser.USER_ID = medic.USER_ID WHERE muser.MIDDLE_NAME = 'Столяренко'),
  (SELECT ROLE_ID FROM USER_ROLE WHERE ROLE_VALUE = 'CARD_SEARCH'));
  
INSERT INTO MEDIC_ROLE(MEDIC_ID, ROLE_ID) VALUES (
  (SELECT medic.MEDIC_ID FROM MEDIC medic INNER JOIN MEDIC_USER muser ON muser.USER_ID = medic.USER_ID WHERE muser.MIDDLE_NAME = 'Столяренко'),
  (SELECT ROLE_ID FROM USER_ROLE WHERE ROLE_VALUE = 'USER_ADD'));

INSERT INTO MEDIC_ROLE(MEDIC_ID, ROLE_ID) VALUES (
  (SELECT medic.MEDIC_ID FROM MEDIC medic INNER JOIN MEDIC_USER muser ON muser.USER_ID = medic.USER_ID WHERE muser.MIDDLE_NAME = 'Столяренко'),
  (SELECT ROLE_ID FROM USER_ROLE WHERE ROLE_VALUE = 'USER_DELETE'));

INSERT INTO MEDIC_ROLE(MEDIC_ID, ROLE_ID) VALUES (
  (SELECT medic.MEDIC_ID FROM MEDIC medic INNER JOIN MEDIC_USER muser ON muser.USER_ID = medic.USER_ID WHERE muser.MIDDLE_NAME = 'Столяренко'),
  (SELECT ROLE_ID FROM USER_ROLE WHERE ROLE_VALUE = 'USER_EDIT'));


INSERT INTO MEDIC_ROLE(MEDIC_ID, ROLE_ID) VALUES (
  (SELECT medic.MEDIC_ID FROM MEDIC medic INNER JOIN MEDIC_USER muser ON muser.USER_ID = medic.USER_ID WHERE muser.MIDDLE_NAME = 'Столяренко'),
  (SELECT ROLE_ID FROM USER_ROLE WHERE ROLE_VALUE = 'USER_SEARCH'));

INSERT INTO MEDIC_ROLE(MEDIC_ID, ROLE_ID) VALUES (
  (SELECT medic.MEDIC_ID FROM MEDIC medic INNER JOIN MEDIC_USER muser ON muser.USER_ID = medic.USER_ID WHERE muser.MIDDLE_NAME = 'Аверьянова'),
  (SELECT ROLE_ID FROM USER_ROLE WHERE ROLE_VALUE = 'CARD_ADD'));

INSERT INTO MEDIC_ROLE(MEDIC_ID, ROLE_ID) VALUES (
  (SELECT medic.MEDIC_ID FROM MEDIC medic INNER JOIN MEDIC_USER muser ON muser.USER_ID = medic.USER_ID WHERE muser.MIDDLE_NAME = 'Аверьянова'),
  (SELECT ROLE_ID FROM USER_ROLE WHERE ROLE_VALUE = 'CARD_DELETE'));

INSERT INTO MEDIC_ROLE(MEDIC_ID, ROLE_ID) VALUES (
  (SELECT medic.MEDIC_ID FROM MEDIC medic INNER JOIN MEDIC_USER muser ON muser.USER_ID = medic.USER_ID WHERE muser.MIDDLE_NAME = 'Аверьянова'),
  (SELECT ROLE_ID FROM USER_ROLE WHERE ROLE_VALUE = 'CARD_EDIT'));


INSERT INTO MEDIC_ROLE(MEDIC_ID, ROLE_ID) VALUES (
  (SELECT medic.MEDIC_ID FROM MEDIC medic INNER JOIN MEDIC_USER muser ON muser.USER_ID = medic.USER_ID WHERE muser.MIDDLE_NAME = 'Аверьянова'),
  (SELECT ROLE_ID FROM USER_ROLE WHERE ROLE_VALUE = 'CARD_SEARCH'));
  
INSERT INTO MEDIC_ROLE(MEDIC_ID, ROLE_ID) VALUES (
  (SELECT medic.MEDIC_ID FROM MEDIC medic INNER JOIN MEDIC_USER muser ON muser.USER_ID = medic.USER_ID WHERE muser.MIDDLE_NAME = 'Аверьянова'),
  (SELECT ROLE_ID FROM USER_ROLE WHERE ROLE_VALUE = 'USER_ADD'));

INSERT INTO MEDIC_ROLE(MEDIC_ID, ROLE_ID) VALUES (
  (SELECT medic.MEDIC_ID FROM MEDIC medic INNER JOIN MEDIC_USER muser ON muser.USER_ID = medic.USER_ID WHERE muser.MIDDLE_NAME = 'Аверьянова'),
  (SELECT ROLE_ID FROM USER_ROLE WHERE ROLE_VALUE = 'USER_DELETE'));

INSERT INTO MEDIC_ROLE(MEDIC_ID, ROLE_ID) VALUES (
  (SELECT medic.MEDIC_ID FROM MEDIC medic INNER JOIN MEDIC_USER muser ON muser.USER_ID = medic.USER_ID WHERE muser.MIDDLE_NAME = 'Аверьянова'),
  (SELECT ROLE_ID FROM USER_ROLE WHERE ROLE_VALUE = 'USER_EDIT'));


INSERT INTO MEDIC_ROLE(MEDIC_ID, ROLE_ID) VALUES (
  (SELECT medic.MEDIC_ID FROM MEDIC medic INNER JOIN MEDIC_USER muser ON muser.USER_ID = medic.USER_ID WHERE muser.MIDDLE_NAME = 'Аверьянова'),
  (SELECT ROLE_ID FROM USER_ROLE WHERE ROLE_VALUE = 'USER_SEARCH'));
  
INSERT INTO MEDIC_ROLE(MEDIC_ID, ROLE_ID) VALUES (
  (SELECT medic.MEDIC_ID FROM MEDIC medic INNER JOIN MEDIC_USER muser ON muser.USER_ID = medic.USER_ID WHERE muser.MIDDLE_NAME = 'Лобанов'),
  (SELECT ROLE_ID FROM USER_ROLE WHERE ROLE_VALUE = 'CARD_ADD'));

INSERT INTO MEDIC_ROLE(MEDIC_ID, ROLE_ID) VALUES (
  (SELECT medic.MEDIC_ID FROM MEDIC medic INNER JOIN MEDIC_USER muser ON muser.USER_ID = medic.USER_ID WHERE muser.MIDDLE_NAME = 'Лобанов'),
  (SELECT ROLE_ID FROM USER_ROLE WHERE ROLE_VALUE = 'CARD_DELETE'));

INSERT INTO MEDIC_ROLE(MEDIC_ID, ROLE_ID) VALUES (
  (SELECT medic.MEDIC_ID FROM MEDIC medic INNER JOIN MEDIC_USER muser ON muser.USER_ID = medic.USER_ID WHERE muser.MIDDLE_NAME = 'Лобанов'),
  (SELECT ROLE_ID FROM USER_ROLE WHERE ROLE_VALUE = 'CARD_EDIT'));


INSERT INTO MEDIC_ROLE(MEDIC_ID, ROLE_ID) VALUES (
  (SELECT medic.MEDIC_ID FROM MEDIC medic INNER JOIN MEDIC_USER muser ON muser.USER_ID = medic.USER_ID WHERE muser.MIDDLE_NAME = 'Лобанов'),
  (SELECT ROLE_ID FROM USER_ROLE WHERE ROLE_VALUE = 'CARD_SEARCH'));
  
INSERT INTO MEDIC_ROLE(MEDIC_ID, ROLE_ID) VALUES (
  (SELECT medic.MEDIC_ID FROM MEDIC medic INNER JOIN MEDIC_USER muser ON muser.USER_ID = medic.USER_ID WHERE muser.MIDDLE_NAME = 'Лобанов'),
  (SELECT ROLE_ID FROM USER_ROLE WHERE ROLE_VALUE = 'USER_ADD'));

INSERT INTO MEDIC_ROLE(MEDIC_ID, ROLE_ID) VALUES (
  (SELECT medic.MEDIC_ID FROM MEDIC medic INNER JOIN MEDIC_USER muser ON muser.USER_ID = medic.USER_ID WHERE muser.MIDDLE_NAME = 'Лобанов'),
  (SELECT ROLE_ID FROM USER_ROLE WHERE ROLE_VALUE = 'USER_DELETE'));

INSERT INTO MEDIC_ROLE(MEDIC_ID, ROLE_ID) VALUES (
  (SELECT medic.MEDIC_ID FROM MEDIC medic INNER JOIN MEDIC_USER muser ON muser.USER_ID = medic.USER_ID WHERE muser.MIDDLE_NAME = 'Лобанов'),
  (SELECT ROLE_ID FROM USER_ROLE WHERE ROLE_VALUE = 'USER_EDIT'));


INSERT INTO MEDIC_ROLE(MEDIC_ID, ROLE_ID) VALUES (
  (SELECT medic.MEDIC_ID FROM MEDIC medic INNER JOIN MEDIC_USER muser ON muser.USER_ID = medic.USER_ID WHERE muser.MIDDLE_NAME = 'Лобанов'),
  (SELECT ROLE_ID FROM USER_ROLE WHERE ROLE_VALUE = 'USER_SEARCH'));

-- SECTION ВЫЗОВ----------------------------------------------------------------
INSERT INTO SECTION(SECTION_ID, SECTION_NAME, SECTION_DESCRIPTION) VALUES (1, 'Вызов', 'Вызов');
INSERT INTO QUESTION(QUESTION_ID, SECTION_ID, QUESTION_ORDER, QUESTION_TEXT, ANSWER_TYPE) 
  VALUES (1, 1, 1, 'Время приема', 'TEXT_BOX');
  
INSERT INTO QUESTION(QUESTION_ID, SECTION_ID, QUESTION_ORDER, QUESTION_TEXT, ANSWER_TYPE) 
  VALUES (2, 1, 2, 'Время передачи', 'TEXT_BOX');

INSERT INTO QUESTION(QUESTION_ID, SECTION_ID, QUESTION_ORDER, QUESTION_TEXT, ANSWER_TYPE) 
  VALUES (3, 1, 3, 'Время выезда', 'TEXT_BOX');

INSERT INTO QUESTION(QUESTION_ID, SECTION_ID, QUESTION_ORDER, QUESTION_TEXT, ANSWER_TYPE) 
  VALUES (4, 1, 4, 'Время оконч. тр-ки', 'TEXT_BOX');

INSERT INTO QUESTION(QUESTION_ID, SECTION_ID, QUESTION_ORDER, QUESTION_TEXT, ANSWER_TYPE) 
  VALUES (5, 1, 5, 'Время выполнения', 'TEXT_BOX');

INSERT INTO QUESTION(QUESTION_ID, SECTION_ID, QUESTION_ORDER, QUESTION_TEXT, ANSWER_TYPE) 
  VALUES (6, 1, 6, 'Время возвращения', 'TEXT_BOX');

--------------------------------------------------------------------------------
INSERT INTO QUESTION(QUESTION_ID, SECTION_ID, QUESTION_ORDER, QUESTION_TEXT, ANSWER_TYPE) 
  VALUES (7, 1, 7, 'Вызов получен', 'CHECK_BOX');
    
INSERT INTO ANSWER(ANSWER_ID, QUESTION_ID, ANSWER_VALUE) 
  VALUES (SEQ_ANSWER_ID.NEXTVAL, 7, 'на станции');

INSERT INTO ANSWER(ANSWER_ID, QUESTION_ID, ANSWER_VALUE) 
  VALUES (SEQ_ANSWER_ID.NEXTVAL, 7, 'вне станции');
  
--------------------------------------------------------------------------------
INSERT INTO QUESTION(QUESTION_ID, SECTION_ID, QUESTION_ORDER, QUESTION_TEXT, ANSWER_TYPE) 
  VALUES (8, 1, 8, 'Вызов', 'CHECK_BOX');
  
INSERT INTO ANSWER(ANSWER_ID, QUESTION_ID, ANSWER_VALUE) 
  VALUES (SEQ_ANSWER_ID.NEXTVAL, 8, 'первичный');

INSERT INTO ANSWER(ANSWER_ID, QUESTION_ID, ANSWER_VALUE) 
  VALUES (SEQ_ANSWER_ID.NEXTVAL, 8, 'повторный');

INSERT INTO ANSWER(ANSWER_ID, QUESTION_ID, ANSWER_VALUE) 
  VALUES (SEQ_ANSWER_ID.NEXTVAL, 8, '"в помощь"');
  
INSERT INTO ANSWER(ANSWER_ID, QUESTION_ID, ANSWER_VALUE) 
  VALUES (SEQ_ANSWER_ID.NEXTVAL, 8, 'остановка в пути');

INSERT INTO ANSWER(ANSWER_ID, QUESTION_ID, ANSWER_VALUE) 
  VALUES (SEQ_ANSWER_ID.NEXTVAL, 8, 'амбулаторный');
  
INSERT INTO ANSWER(ANSWER_ID, QUESTION_ID, ANSWER_VALUE) 
  VALUES (SEQ_ANSWER_ID.NEXTVAL, 8, 'активный');

--------------------------------------------------------------------------------
INSERT INTO QUESTION(QUESTION_ID, SECTION_ID, QUESTION_ORDER, QUESTION_TEXT, ANSWER_TYPE) 
  VALUES (9, 1, 9, 'Причина обращения', 'NEW_CHECK_BOX');

INSERT INTO ANSWER(ANSWER_ID, QUESTION_ID, ANSWER_VALUE) 
  VALUES (SEQ_ANSWER_ID.NEXTVAL, 9, 'заболевание');

INSERT INTO ANSWER(ANSWER_ID, QUESTION_ID, ANSWER_VALUE) 
  VALUES (SEQ_ANSWER_ID.NEXTVAL, 9, 'несчастный случай');

INSERT INTO ANSWER(ANSWER_ID, QUESTION_ID, ANSWER_VALUE) 
  VALUES (SEQ_ANSWER_ID.NEXTVAL, 9, 'патология беременности');

INSERT INTO ANSWER(ANSWER_ID, QUESTION_ID, ANSWER_VALUE) 
  VALUES (SEQ_ANSWER_ID.NEXTVAL, 9, 'роды');
  
INSERT INTO ANSWER(ANSWER_ID, QUESTION_ID, ANSWER_VALUE) 
  VALUES (SEQ_ANSWER_ID.NEXTVAL, 9, 'ЧС(угроза)');

INSERT INTO ANSWER(ANSWER_ID, QUESTION_ID, ANSWER_VALUE) 
  VALUES (SEQ_ANSWER_ID.NEXTVAL, 9, 'врачебное сопровождение');

INSERT INTO ANSWER(ANSWER_ID, QUESTION_ID, ANSWER_VALUE) 
  VALUES (SEQ_ANSWER_ID.NEXTVAL, 9, 'экстренная перевозка');
  
INSERT INTO ANSWER(ANSWER_ID, QUESTION_ID, ANSWER_VALUE) 
  VALUES (SEQ_ANSWER_ID.NEXTVAL, 9, 'плановая перевозка');
  
INSERT INTO ANSWER(ANSWER_ID, QUESTION_ID, ANSWER_VALUE) 
  VALUES (SEQ_ANSWER_ID.NEXTVAL, 9, 'гемодиализ');

--------------------------------------------------------------------------------
INSERT INTO QUESTION(QUESTION_ID, SECTION_ID, QUESTION_ORDER, QUESTION_TEXT, ANSWER_TYPE) 
  VALUES (10, 1, 10, 'Место вызова:', 'NEW_CHECK_BOX');

INSERT INTO ANSWER(ANSWER_ID, QUESTION_ID, ANSWER_VALUE) 
  VALUES (SEQ_ANSWER_ID.NEXTVAL, 10, 'квартира');

INSERT INTO ANSWER(ANSWER_ID, QUESTION_ID, ANSWER_VALUE) 
  VALUES (SEQ_ANSWER_ID.NEXTVAL, 10, 'улица');

INSERT INTO ANSWER(ANSWER_ID, QUESTION_ID, ANSWER_VALUE) 
  VALUES (SEQ_ANSWER_ID.NEXTVAL, 10, 'федеральная трасса');
  
INSERT INTO ANSWER(ANSWER_ID, QUESTION_ID, ANSWER_VALUE) 
  VALUES (SEQ_ANSWER_ID.NEXTVAL, 10, 'общественное место');

INSERT INTO ANSWER(ANSWER_ID, QUESTION_ID, ANSWER_VALUE) 
  VALUES (SEQ_ANSWER_ID.NEXTVAL, 10, 'рабочее место');

INSERT INTO ANSWER(ANSWER_ID, QUESTION_ID, ANSWER_VALUE) 
  VALUES (SEQ_ANSWER_ID.NEXTVAL, 10, 'полиция');

INSERT INTO ANSWER(ANSWER_ID, QUESTION_ID, ANSWER_VALUE) 
  VALUES (SEQ_ANSWER_ID.NEXTVAL, 10, 'дошкольное учреждение');

INSERT INTO ANSWER(ANSWER_ID, QUESTION_ID, ANSWER_VALUE) 
  VALUES (SEQ_ANSWER_ID.NEXTVAL, 10, 'школа №');

--------------------------------------------------------------------------------
INSERT INTO QUESTION(QUESTION_ID, SECTION_ID, QUESTION_ORDER, QUESTION_TEXT, ANSWER_TYPE) 
  VALUES (11, 1, 11, 'Причина длительного доезда:', 'NEW_CHECK_BOX');

INSERT INTO ANSWER(ANSWER_ID, QUESTION_ID, ANSWER_VALUE) 
  VALUES (SEQ_ANSWER_ID.NEXTVAL, 11, 'затруднен проезд');

INSERT INTO ANSWER(ANSWER_ID, QUESTION_ID, ANSWER_VALUE) 
  VALUES (SEQ_ANSWER_ID.NEXTVAL, 11, 'уточнение адресса');

INSERT INTO ANSWER(ANSWER_ID, QUESTION_ID, ANSWER_VALUE) 
  VALUES (SEQ_ANSWER_ID.NEXTVAL, 11, 'поломка а/м');

--------------------------------------------------------------------------------
INSERT INTO QUESTION(QUESTION_ID, SECTION_ID, QUESTION_ORDER, QUESTION_TEXT, ANSWER_TYPE) 
  VALUES (12, 1, 12, 'Безрезультатный выезд:', 'NEW_CHECK_BOX');

INSERT INTO ANSWER(ANSWER_ID, QUESTION_ID, ANSWER_VALUE) 
  VALUES (SEQ_ANSWER_ID.NEXTVAL, 12, 'адрес не найден');

INSERT INTO ANSWER(ANSWER_ID, QUESTION_ID, ANSWER_VALUE) 
  VALUES (SEQ_ANSWER_ID.NEXTVAL, 12, 'больного нет на месте');

INSERT INTO ANSWER(ANSWER_ID, QUESTION_ID, ANSWER_VALUE) 
  VALUES (SEQ_ANSWER_ID.NEXTVAL, 12, 'отказ от осмотра');

INSERT INTO ANSWER(ANSWER_ID, QUESTION_ID, ANSWER_VALUE) 
  VALUES (SEQ_ANSWER_ID.NEXTVAL, 12, 'вызов отменен');

INSERT INTO ANSWER(ANSWER_ID, QUESTION_ID, ANSWER_VALUE) 
  VALUES (SEQ_ANSWER_ID.NEXTVAL, 12, 'обследование до прибытия');

INSERT INTO ANSWER(ANSWER_ID, QUESTION_ID, ANSWER_VALUE) 
  VALUES (SEQ_ANSWER_ID.NEXTVAL, 12, 'смерть до прибытия');

--------------------------------------------------------------------------------
INSERT INTO QUESTION(QUESTION_ID, SECTION_ID, QUESTION_ORDER, QUESTION_TEXT, ANSWER_TYPE) 
  VALUES (13, 1, 13, 'Причина несчастного случая:', 'NEW_CHECK_BOX');

INSERT INTO ANSWER(ANSWER_ID, QUESTION_ID, ANSWER_VALUE) 
  VALUES (SEQ_ANSWER_ID.NEXTVAL, 13, 'неизвестна');

INSERT INTO ANSWER(ANSWER_ID, QUESTION_ID, ANSWER_VALUE) 
  VALUES (SEQ_ANSWER_ID.NEXTVAL, 13, 'бытовая');

INSERT INTO ANSWER(ANSWER_ID, QUESTION_ID, ANSWER_VALUE) 
  VALUES (SEQ_ANSWER_ID.NEXTVAL, 13, 'производственная');

INSERT INTO ANSWER(ANSWER_ID, QUESTION_ID, ANSWER_VALUE) 
  VALUES (SEQ_ANSWER_ID.NEXTVAL, 13, 'спортивная');

INSERT INTO ANSWER(ANSWER_ID, QUESTION_ID, ANSWER_VALUE) 
  VALUES (SEQ_ANSWER_ID.NEXTVAL, 13, 'ДТП');

INSERT INTO ANSWER(ANSWER_ID, QUESTION_ID, ANSWER_VALUE) 
  VALUES (SEQ_ANSWER_ID.NEXTVAL, 13, 'голоден');

INSERT INTO ANSWER(ANSWER_ID, QUESTION_ID, ANSWER_VALUE) 
  VALUES (SEQ_ANSWER_ID.NEXTVAL, 13, 'недосмотр');
  
INSERT INTO ANSWER(ANSWER_ID, QUESTION_ID, ANSWER_VALUE) 
  VALUES (SEQ_ANSWER_ID.NEXTVAL, 13, 'пожар');

INSERT INTO ANSWER(ANSWER_ID, QUESTION_ID, ANSWER_VALUE) 
  VALUES (SEQ_ANSWER_ID.NEXTVAL, 13, 'криминальная');

INSERT INTO ANSWER(ANSWER_ID, QUESTION_ID, ANSWER_VALUE) 
  VALUES (SEQ_ANSWER_ID.NEXTVAL, 13, 'суицид');

--------------------------------------------------------------------------------
INSERT INTO QUESTION(QUESTION_ID, SECTION_ID, QUESTION_ORDER, QUESTION_TEXT, ANSWER_TYPE) 
  VALUES (14, 1, 14, 'Характеристика несчастного случая:', 'NEW_CHECK_BOX');

INSERT INTO ANSWER(ANSWER_ID, QUESTION_ID, ANSWER_VALUE) 
  VALUES (SEQ_ANSWER_ID.NEXTVAL, 14, 'отравление');

INSERT INTO ANSWER(ANSWER_ID, QUESTION_ID, ANSWER_VALUE) 
  VALUES (SEQ_ANSWER_ID.NEXTVAL, 14, 'утопление');

INSERT INTO ANSWER(ANSWER_ID, QUESTION_ID, ANSWER_VALUE) 
  VALUES (SEQ_ANSWER_ID.NEXTVAL, 14, 'травма');

INSERT INTO ANSWER(ANSWER_ID, QUESTION_ID, ANSWER_VALUE) 
  VALUES (SEQ_ANSWER_ID.NEXTVAL, 14, 'термическа');

INSERT INTO ANSWER(ANSWER_ID, QUESTION_ID, ANSWER_VALUE) 
  VALUES (SEQ_ANSWER_ID.NEXTVAL, 14, 'механическая');

INSERT INTO ANSWER(ANSWER_ID, QUESTION_ID, ANSWER_VALUE) 
  VALUES (SEQ_ANSWER_ID.NEXTVAL, 14, 'сочетанная');

INSERT INTO ANSWER(ANSWER_ID, QUESTION_ID, ANSWER_VALUE) 
  VALUES (SEQ_ANSWER_ID.NEXTVAL, 14, 'комбинированная');

--------------------------------------------------------------------------------
INSERT INTO QUESTION(QUESTION_ID, SECTION_ID, QUESTION_ORDER, QUESTION_TEXT, ANSWER_TYPE) 
  VALUES (15, 1, 15, 'Повод:', 'TEXT_BOX');

--------------------------------------------------------------------------------
INSERT INTO QUESTION(QUESTION_ID, SECTION_ID, QUESTION_ORDER, QUESTION_TEXT, ANSWER_TYPE) 
  VALUES (16, 1, 16, 'Способ доставки пациента в машину:', 'NEW_CHECK_BOX');
  
INSERT INTO ANSWER(ANSWER_ID, QUESTION_ID, ANSWER_VALUE) 
  VALUES (SEQ_ANSWER_ID.NEXTVAL, 16, 'передвигался самостоятельно');

INSERT INTO ANSWER(ANSWER_ID, QUESTION_ID, ANSWER_VALUE) 
  VALUES (SEQ_ANSWER_ID.NEXTVAL, 16, 'перенесен на носилках');

INSERT INTO ANSWER(ANSWER_ID, QUESTION_ID, ANSWER_VALUE) 
  VALUES (SEQ_ANSWER_ID.NEXTVAL, 16, 'перенесен на подручных средствах');


COMMIT;


