-- PROFILE
INSERT INTO BRIGADE_PROFILE(PROFILE_ID, REDUCTION, TRANSCRIPT) VALUES (SEQ_PROFILE_ID.NEXTVAL, 'ф/бр', 'фельдшерская бригада');
INSERT INTO BRIGADE_PROFILE(PROFILE_ID, REDUCTION, TRANSCRIPT) VALUES (SEQ_PROFILE_ID.NEXTVAL, 'тр', 'транспортная бригада');
INSERT INTO BRIGADE_PROFILE(PROFILE_ID, REDUCTION, TRANSCRIPT) VALUES (SEQ_PROFILE_ID.NEXTVAL, 'ул', 'уличная бригада');
INSERT INTO BRIGADE_PROFILE(PROFILE_ID, REDUCTION, TRANSCRIPT) VALUES (SEQ_PROFILE_ID.NEXTVAL, 'вр', 'врачебная бригада');

-- MEDIC POSITION
INSERT INTO MEDIC_POSITION(POSITION_ID, POSITION_VALUE) VALUES (SEQ_POSITION_ID.NEXTVAL, 'фельдшер');
INSERT INTO MEDIC_POSITION(POSITION_ID, POSITION_VALUE) VALUES (SEQ_POSITION_ID.NEXTVAL, 'старший фельдшер');
INSERT INTO MEDIC_POSITION(POSITION_ID, POSITION_VALUE) VALUES (SEQ_POSITION_ID.NEXTVAL, 'главврач');
INSERT INTO MEDIC_POSITION(POSITION_ID, POSITION_VALUE) VALUES (SEQ_POSITION_ID.NEXTVAL, 'старшая медсестра');
INSERT INTO MEDIC_POSITION(POSITION_ID, POSITION_VALUE) VALUES (SEQ_POSITION_ID.NEXTVAL, 'диспетчер');


-- DEPARTMENT
INSERT INTO DEPARTMENT(DEPARTMENT_ID, DEPARTMENT_NAME) VALUES (SEQ_POSITION_ID.NEXTVAL, '"Городская станция скорой медицинской помощи" Подстанция №16');
INSERT INTO DEPARTMENT(DEPARTMENT_ID, DEPARTMENT_NAME) VALUES (SEQ_POSITION_ID.NEXTVAL, '"Городская многопрофильная больница" № 2');


-- USER ROLE
INSERT INTO USER_ROLE(ROLE_ID, ROLE_VALUE) VALUES (SEQ_ROLE_ID.NEXTVAL, 'CARD_ADD');
INSERT INTO USER_ROLE(ROLE_ID, ROLE_VALUE) VALUES (SEQ_ROLE_ID.NEXTVAL, 'CARD_DELETE');
INSERT INTO USER_ROLE(ROLE_ID, ROLE_VALUE) VALUES (SEQ_ROLE_ID.NEXTVAL, 'CARD_EDIT');
INSERT INTO USER_ROLE(ROLE_ID, ROLE_VALUE) VALUES (SEQ_ROLE_ID.NEXTVAL, 'CARD_SEARCH');
INSERT INTO USER_ROLE(ROLE_ID, ROLE_VALUE) VALUES (SEQ_ROLE_ID.NEXTVAL, 'USER_ADD');
INSERT INTO USER_ROLE(ROLE_ID, ROLE_VALUE) VALUES (SEQ_ROLE_ID.NEXTVAL, 'USER_DELETE');
INSERT INTO USER_ROLE(ROLE_ID, ROLE_VALUE) VALUES (SEQ_ROLE_ID.NEXTVAL, 'USER_EDIT');
INSERT INTO USER_ROLE(ROLE_ID, ROLE_VALUE) VALUES (SEQ_ROLE_ID.NEXTVAL, 'USER_SEARCH');


-- MEDIC USER
INSERT INTO MEDIC_USER(USER_ID, FIRST_NAME, MIDDLE_NAME, LAST_NAME, E_MAIL_ADDRESS) 
  VALUES (SEQ_USER_ID.NEXTVAL, 'Юрий', 'Столяренко', 'Анатольевич', 'yourunSpb@gmail.com');
INSERT INTO MEDIC_USER(USER_ID, FIRST_NAME, MIDDLE_NAME, LAST_NAME, E_MAIL_ADDRESS) 
  VALUES (SEQ_USER_ID.NEXTVAL, 'Дэн', 'Лобанов', 'Aлександрович', 'denisSpb@gmail.com');
INSERT INTO MEDIC_USER(USER_ID, FIRST_NAME, MIDDLE_NAME, LAST_NAME, E_MAIL_ADDRESS) 
  VALUES (SEQ_USER_ID.NEXTVAL, 'Надежда', 'Аверьянова', 'Станислаловна', 'nadySpb@gmail.com');
  
-- MEDIC
INSERT INTO MEDIC(MEDIC_ID, POSITION_ID, USER_ID) VALUES (
    SEQ_USER_ID.NEXTVAL, 
    (SELECT POSITION_ID FROM MEDIC_POSITION WHERE POSITION_VALUE = 'главврач'),
    (SELECT USER_ID FROM MEDIC_USER WHERE  MIDDLE_NAME = 'Столяренко'));
    
INSERT INTO MEDIC(MEDIC_ID, POSITION_ID, USER_ID) VALUES (
    SEQ_USER_ID.NEXTVAL, 
    (SELECT POSITION_ID FROM MEDIC_POSITION WHERE POSITION_VALUE = 'старший фельдшер'),
    (SELECT USER_ID FROM MEDIC_USER WHERE  MIDDLE_NAME = 'Аверьянова'));
    
INSERT INTO MEDIC(MEDIC_ID, POSITION_ID, USER_ID) VALUES (
    SEQ_USER_ID.NEXTVAL, 
    (SELECT POSITION_ID FROM MEDIC_POSITION WHERE POSITION_VALUE = 'фельдшер'),
    (SELECT USER_ID FROM MEDIC_USER WHERE  MIDDLE_NAME = 'Лобанов'));
    
-- MEDIC ROLE
INSERT INTO MEDIC_ROLE(MEDIC_ID, ROLE_ID) VALUES (
  (SELECT medic.MEDIC_ID FROM MEDIC medic INNER JOIN MEDIC_USER muser ON muser.USER_ID = medic.USER_ID WHERE muser.MIDDLE_NAME = 'Столяренко'),
  (SELECT ROLE_ID FROM USER_ROLE WHERE ROLE_VALUE = 'CARD_ADD'));

INSERT INTO MEDIC_ROLE(MEDIC_ID, ROLE_ID) VALUES (
  (SELECT medic.MEDIC_ID FROM MEDIC medic INNER JOIN MEDIC_USER muser ON muser.USER_ID = medic.USER_ID WHERE muser.MIDDLE_NAME = 'Столяренко'),
  (SELECT ROLE_ID FROM USER_ROLE WHERE ROLE_VALUE = 'CARD_DELETE'));

INSERT INTO MEDIC_ROLE(MEDIC_ID, ROLE_ID) VALUES (
  (SELECT medic.MEDIC_ID FROM MEDIC medic INNER JOIN MEDIC_USER muser ON muser.USER_ID = medic.USER_ID WHERE muser.MIDDLE_NAME = 'Столяренко'),
  (SELECT ROLE_ID FROM USER_ROLE WHERE ROLE_VALUE = 'CARD_EDIT'));


INSERT INTO MEDIC_ROLE(MEDIC_ID, ROLE_ID) VALUES (
  (SELECT medic.MEDIC_ID FROM MEDIC medic INNER JOIN MEDIC_USER muser ON muser.USER_ID = medic.USER_ID WHERE muser.MIDDLE_NAME = 'Столяренко'),
  (SELECT ROLE_ID FROM USER_ROLE WHERE ROLE_VALUE = 'CARD_SEARCH'));
  
INSERT INTO MEDIC_ROLE(MEDIC_ID, ROLE_ID) VALUES (
  (SELECT medic.MEDIC_ID FROM MEDIC medic INNER JOIN MEDIC_USER muser ON muser.USER_ID = medic.USER_ID WHERE muser.MIDDLE_NAME = 'Столяренко'),
  (SELECT ROLE_ID FROM USER_ROLE WHERE ROLE_VALUE = 'USER_ADD'));

INSERT INTO MEDIC_ROLE(MEDIC_ID, ROLE_ID) VALUES (
  (SELECT medic.MEDIC_ID FROM MEDIC medic INNER JOIN MEDIC_USER muser ON muser.USER_ID = medic.USER_ID WHERE muser.MIDDLE_NAME = 'Столяренко'),
  (SELECT ROLE_ID FROM USER_ROLE WHERE ROLE_VALUE = 'USER_DELETE'));

INSERT INTO MEDIC_ROLE(MEDIC_ID, ROLE_ID) VALUES (
  (SELECT medic.MEDIC_ID FROM MEDIC medic INNER JOIN MEDIC_USER muser ON muser.USER_ID = medic.USER_ID WHERE muser.MIDDLE_NAME = 'Столяренко'),
  (SELECT ROLE_ID FROM USER_ROLE WHERE ROLE_VALUE = 'USER_EDIT'));


INSERT INTO MEDIC_ROLE(MEDIC_ID, ROLE_ID) VALUES (
  (SELECT medic.MEDIC_ID FROM MEDIC medic INNER JOIN MEDIC_USER muser ON muser.USER_ID = medic.USER_ID WHERE muser.MIDDLE_NAME = 'Столяренко'),
  (SELECT ROLE_ID FROM USER_ROLE WHERE ROLE_VALUE = 'USER_SEARCH'));

INSERT INTO MEDIC_ROLE(MEDIC_ID, ROLE_ID) VALUES (
  (SELECT medic.MEDIC_ID FROM MEDIC medic INNER JOIN MEDIC_USER muser ON muser.USER_ID = medic.USER_ID WHERE muser.MIDDLE_NAME = 'Аверьянова'),
  (SELECT ROLE_ID FROM USER_ROLE WHERE ROLE_VALUE = 'CARD_ADD'));

INSERT INTO MEDIC_ROLE(MEDIC_ID, ROLE_ID) VALUES (
  (SELECT medic.MEDIC_ID FROM MEDIC medic INNER JOIN MEDIC_USER muser ON muser.USER_ID = medic.USER_ID WHERE muser.MIDDLE_NAME = 'Аверьянова'),
  (SELECT ROLE_ID FROM USER_ROLE WHERE ROLE_VALUE = 'CARD_DELETE'));

INSERT INTO MEDIC_ROLE(MEDIC_ID, ROLE_ID) VALUES (
  (SELECT medic.MEDIC_ID FROM MEDIC medic INNER JOIN MEDIC_USER muser ON muser.USER_ID = medic.USER_ID WHERE muser.MIDDLE_NAME = 'Аверьянова'),
  (SELECT ROLE_ID FROM USER_ROLE WHERE ROLE_VALUE = 'CARD_EDIT'));


INSERT INTO MEDIC_ROLE(MEDIC_ID, ROLE_ID) VALUES (
  (SELECT medic.MEDIC_ID FROM MEDIC medic INNER JOIN MEDIC_USER muser ON muser.USER_ID = medic.USER_ID WHERE muser.MIDDLE_NAME = 'Аверьянова'),
  (SELECT ROLE_ID FROM USER_ROLE WHERE ROLE_VALUE = 'CARD_SEARCH'));
  
INSERT INTO MEDIC_ROLE(MEDIC_ID, ROLE_ID) VALUES (
  (SELECT medic.MEDIC_ID FROM MEDIC medic INNER JOIN MEDIC_USER muser ON muser.USER_ID = medic.USER_ID WHERE muser.MIDDLE_NAME = 'Аверьянова'),
  (SELECT ROLE_ID FROM USER_ROLE WHERE ROLE_VALUE = 'USER_ADD'));

INSERT INTO MEDIC_ROLE(MEDIC_ID, ROLE_ID) VALUES (
  (SELECT medic.MEDIC_ID FROM MEDIC medic INNER JOIN MEDIC_USER muser ON muser.USER_ID = medic.USER_ID WHERE muser.MIDDLE_NAME = 'Аверьянова'),
  (SELECT ROLE_ID FROM USER_ROLE WHERE ROLE_VALUE = 'USER_DELETE'));

INSERT INTO MEDIC_ROLE(MEDIC_ID, ROLE_ID) VALUES (
  (SELECT medic.MEDIC_ID FROM MEDIC medic INNER JOIN MEDIC_USER muser ON muser.USER_ID = medic.USER_ID WHERE muser.MIDDLE_NAME = 'Аверьянова'),
  (SELECT ROLE_ID FROM USER_ROLE WHERE ROLE_VALUE = 'USER_EDIT'));


INSERT INTO MEDIC_ROLE(MEDIC_ID, ROLE_ID) VALUES (
  (SELECT medic.MEDIC_ID FROM MEDIC medic INNER JOIN MEDIC_USER muser ON muser.USER_ID = medic.USER_ID WHERE muser.MIDDLE_NAME = 'Аверьянова'),
  (SELECT ROLE_ID FROM USER_ROLE WHERE ROLE_VALUE = 'USER_SEARCH'));
  
INSERT INTO MEDIC_ROLE(MEDIC_ID, ROLE_ID) VALUES (
  (SELECT medic.MEDIC_ID FROM MEDIC medic INNER JOIN MEDIC_USER muser ON muser.USER_ID = medic.USER_ID WHERE muser.MIDDLE_NAME = 'Лобанов'),
  (SELECT ROLE_ID FROM USER_ROLE WHERE ROLE_VALUE = 'CARD_ADD'));

INSERT INTO MEDIC_ROLE(MEDIC_ID, ROLE_ID) VALUES (
  (SELECT medic.MEDIC_ID FROM MEDIC medic INNER JOIN MEDIC_USER muser ON muser.USER_ID = medic.USER_ID WHERE muser.MIDDLE_NAME = 'Лобанов'),
  (SELECT ROLE_ID FROM USER_ROLE WHERE ROLE_VALUE = 'CARD_DELETE'));

INSERT INTO MEDIC_ROLE(MEDIC_ID, ROLE_ID) VALUES (
  (SELECT medic.MEDIC_ID FROM MEDIC medic INNER JOIN MEDIC_USER muser ON muser.USER_ID = medic.USER_ID WHERE muser.MIDDLE_NAME = 'Лобанов'),
  (SELECT ROLE_ID FROM USER_ROLE WHERE ROLE_VALUE = 'CARD_EDIT'));


INSERT INTO MEDIC_ROLE(MEDIC_ID, ROLE_ID) VALUES (
  (SELECT medic.MEDIC_ID FROM MEDIC medic INNER JOIN MEDIC_USER muser ON muser.USER_ID = medic.USER_ID WHERE muser.MIDDLE_NAME = 'Лобанов'),
  (SELECT ROLE_ID FROM USER_ROLE WHERE ROLE_VALUE = 'CARD_SEARCH'));
  
INSERT INTO MEDIC_ROLE(MEDIC_ID, ROLE_ID) VALUES (
  (SELECT medic.MEDIC_ID FROM MEDIC medic INNER JOIN MEDIC_USER muser ON muser.USER_ID = medic.USER_ID WHERE muser.MIDDLE_NAME = 'Лобанов'),
  (SELECT ROLE_ID FROM USER_ROLE WHERE ROLE_VALUE = 'USER_ADD'));

INSERT INTO MEDIC_ROLE(MEDIC_ID, ROLE_ID) VALUES (
  (SELECT medic.MEDIC_ID FROM MEDIC medic INNER JOIN MEDIC_USER muser ON muser.USER_ID = medic.USER_ID WHERE muser.MIDDLE_NAME = 'Лобанов'),
  (SELECT ROLE_ID FROM USER_ROLE WHERE ROLE_VALUE = 'USER_DELETE'));

INSERT INTO MEDIC_ROLE(MEDIC_ID, ROLE_ID) VALUES (
  (SELECT medic.MEDIC_ID FROM MEDIC medic INNER JOIN MEDIC_USER muser ON muser.USER_ID = medic.USER_ID WHERE muser.MIDDLE_NAME = 'Лобанов'),
  (SELECT ROLE_ID FROM USER_ROLE WHERE ROLE_VALUE = 'USER_EDIT'));


INSERT INTO MEDIC_ROLE(MEDIC_ID, ROLE_ID) VALUES (
  (SELECT medic.MEDIC_ID FROM MEDIC medic INNER JOIN MEDIC_USER muser ON muser.USER_ID = medic.USER_ID WHERE muser.MIDDLE_NAME = 'Лобанов'),
  (SELECT ROLE_ID FROM USER_ROLE WHERE ROLE_VALUE = 'USER_SEARCH'));

-- SECTION ВЫЗОВ----------------------------------------------------------------
INSERT INTO SECTION(SECTION_ID, SECTION_NAME, SECTION_DESCRIPTION) VALUES (1, 'Вызов', 'Данные вызова');

INSERT INTO QUESTION(QUESTION_ID, SECTION_ID, QUESTION_ORDER, QUESTION_TEXT, ANSWER_TYPE) 
  VALUES (1, 1, 1, 'Повод', 'TEXT_BOX');

INSERT INTO QUESTION(QUESTION_ID, SECTION_ID, QUESTION_ORDER, QUESTION_TEXT, ANSWER_TYPE) 
  VALUES (2, 1, 2, 'Время приема', 'TEXT_TIME_BOX');
  
INSERT INTO QUESTION(QUESTION_ID, SECTION_ID, QUESTION_ORDER, QUESTION_TEXT, ANSWER_TYPE) 
  VALUES (3, 1, 3, 'Время передачи', 'TEXT_TIME_BOX');

INSERT INTO QUESTION(QUESTION_ID, SECTION_ID, QUESTION_ORDER, QUESTION_TEXT, ANSWER_TYPE) 
  VALUES (4, 1, 4, 'Время выезда', 'TEXT_TIME_BOX');

INSERT INTO QUESTION(QUESTION_ID, SECTION_ID, QUESTION_ORDER, QUESTION_TEXT, ANSWER_TYPE) 
  VALUES (5, 1, 5, 'Время прибытия', 'TEXT_TIME_BOX');

INSERT INTO QUESTION(QUESTION_ID, SECTION_ID, QUESTION_ORDER, QUESTION_TEXT, ANSWER_TYPE) 
  VALUES (6, 1, 6, 'Время начала тр-ки', 'TEXT_TIME_BOX');
  
INSERT INTO QUESTION(QUESTION_ID, SECTION_ID, QUESTION_ORDER, QUESTION_TEXT, ANSWER_TYPE) 
  VALUES (7, 1, 7, 'Время оконч. тр-ки', 'TEXT_TIME_BOX');

INSERT INTO QUESTION(QUESTION_ID, SECTION_ID, QUESTION_ORDER, QUESTION_TEXT, ANSWER_TYPE) 
  VALUES (8, 1, 8, 'Время выполнения', 'TEXT_TIME_BOX');

INSERT INTO QUESTION(QUESTION_ID, SECTION_ID, QUESTION_ORDER, QUESTION_TEXT, ANSWER_TYPE) 
  VALUES (9, 1, 9, 'Время возвращения', 'TEXT_TIME_BOX');

--------------------------------------------------------------------------------

INSERT INTO QUESTION(QUESTION_ID, SECTION_ID, QUESTION_ORDER, QUESTION_TEXT, ANSWER_TYPE) 
  VALUES (10, 1, 10, 'Вызов получен', 'SELECT_BOX');
    
INSERT INTO ANSWER(ANSWER_ID, QUESTION_ID, ANSWER_VALUE) 
  VALUES (SEQ_ANSWER_ID.NEXTVAL, 10, 'на станции');

INSERT INTO ANSWER(ANSWER_ID, QUESTION_ID, ANSWER_VALUE) 
  VALUES (SEQ_ANSWER_ID.NEXTVAL, 10, 'вне станции');
  
--------------------------------------------------------------------------------
INSERT INTO QUESTION(QUESTION_ID, SECTION_ID, QUESTION_ORDER, QUESTION_TEXT, ANSWER_TYPE) 
  VALUES (11, 1, 11, 'Вызов', 'SELECT_BOX');
  
INSERT INTO ANSWER(ANSWER_ID, QUESTION_ID, ANSWER_VALUE) 
  VALUES (SEQ_ANSWER_ID.NEXTVAL, 11, 'первичный');

INSERT INTO ANSWER(ANSWER_ID, QUESTION_ID, ANSWER_VALUE) 
  VALUES (SEQ_ANSWER_ID.NEXTVAL, 11, 'повторный');

INSERT INTO ANSWER(ANSWER_ID, QUESTION_ID, ANSWER_VALUE) 
  VALUES (SEQ_ANSWER_ID.NEXTVAL, 11, 'в помощь');
  
INSERT INTO ANSWER(ANSWER_ID, QUESTION_ID, ANSWER_VALUE) 
  VALUES (SEQ_ANSWER_ID.NEXTVAL, 11, 'остановка в пути');

INSERT INTO ANSWER(ANSWER_ID, QUESTION_ID, ANSWER_VALUE) 
  VALUES (SEQ_ANSWER_ID.NEXTVAL, 11, 'амбулаторный');
  
INSERT INTO ANSWER(ANSWER_ID, QUESTION_ID, ANSWER_VALUE) 
  VALUES (SEQ_ANSWER_ID.NEXTVAL, 11, 'активный');

--------------------------------------------------------------------------------
INSERT INTO QUESTION(QUESTION_ID, SECTION_ID, QUESTION_ORDER, QUESTION_TEXT, ANSWER_TYPE) 
  VALUES (12, 1, 12, 'Причина обращения', 'SELECT_BOX');

INSERT INTO ANSWER(ANSWER_ID, QUESTION_ID, ANSWER_VALUE) 
  VALUES (SEQ_ANSWER_ID.NEXTVAL, 12, 'заболевание');

INSERT INTO ANSWER(ANSWER_ID, QUESTION_ID, ANSWER_VALUE) 
  VALUES (SEQ_ANSWER_ID.NEXTVAL, 12, 'несчастный случай');

INSERT INTO ANSWER(ANSWER_ID, QUESTION_ID, ANSWER_VALUE) 
  VALUES (SEQ_ANSWER_ID.NEXTVAL, 12, 'патология беременности');

INSERT INTO ANSWER(ANSWER_ID, QUESTION_ID, ANSWER_VALUE) 
  VALUES (SEQ_ANSWER_ID.NEXTVAL, 12, 'роды');
  
INSERT INTO ANSWER(ANSWER_ID, QUESTION_ID, ANSWER_VALUE) 
  VALUES (SEQ_ANSWER_ID.NEXTVAL, 12, 'ЧС(угроза)');

INSERT INTO ANSWER(ANSWER_ID, QUESTION_ID, ANSWER_VALUE) 
  VALUES (SEQ_ANSWER_ID.NEXTVAL, 12, 'врачебное сопровождение');

INSERT INTO ANSWER(ANSWER_ID, QUESTION_ID, ANSWER_VALUE) 
  VALUES (SEQ_ANSWER_ID.NEXTVAL, 12, 'экстренная перевозка');
  
INSERT INTO ANSWER(ANSWER_ID, QUESTION_ID, ANSWER_VALUE) 
  VALUES (SEQ_ANSWER_ID.NEXTVAL, 12, 'плановая перевозка');
  
INSERT INTO ANSWER(ANSWER_ID, QUESTION_ID, ANSWER_VALUE) 
  VALUES (SEQ_ANSWER_ID.NEXTVAL, 12, 'гемодиализ');

--------------------------------------------------------------------------------
INSERT INTO QUESTION(QUESTION_ID, SECTION_ID, QUESTION_ORDER, QUESTION_TEXT, ANSWER_TYPE) 
  VALUES (13, 1, 13, 'Место вызова:', 'SELECT_BOX');

INSERT INTO ANSWER(ANSWER_ID, QUESTION_ID, ANSWER_VALUE) 
  VALUES (SEQ_ANSWER_ID.NEXTVAL, 13, 'квартира');

INSERT INTO ANSWER(ANSWER_ID, QUESTION_ID, ANSWER_VALUE) 
  VALUES (SEQ_ANSWER_ID.NEXTVAL, 13, 'улица');

INSERT INTO ANSWER(ANSWER_ID, QUESTION_ID, ANSWER_VALUE) 
  VALUES (SEQ_ANSWER_ID.NEXTVAL, 13, 'федеральная трасса');
  
INSERT INTO ANSWER(ANSWER_ID, QUESTION_ID, ANSWER_VALUE) 
  VALUES (SEQ_ANSWER_ID.NEXTVAL, 13, 'общественное место');

INSERT INTO ANSWER(ANSWER_ID, QUESTION_ID, ANSWER_VALUE) 
  VALUES (SEQ_ANSWER_ID.NEXTVAL, 13, 'рабочее место');

INSERT INTO ANSWER(ANSWER_ID, QUESTION_ID, ANSWER_VALUE) 
  VALUES (SEQ_ANSWER_ID.NEXTVAL, 13, 'полиция');

INSERT INTO ANSWER(ANSWER_ID, QUESTION_ID, ANSWER_VALUE) 
  VALUES (SEQ_ANSWER_ID.NEXTVAL, 13, 'дошкольное учреждение');

INSERT INTO ANSWER(ANSWER_ID, QUESTION_ID, ANSWER_VALUE) 
  VALUES (SEQ_ANSWER_ID.NEXTVAL, 13, 'школа');

--------------------------------------------------------------------------------
INSERT INTO QUESTION(QUESTION_ID, SECTION_ID, QUESTION_ORDER, QUESTION_TEXT, ANSWER_TYPE) 
  VALUES (14, 1, 14, 'Причина длительного доезда:', 'SELECT_BOX');

INSERT INTO ANSWER(ANSWER_ID, QUESTION_ID, ANSWER_VALUE) 
  VALUES (SEQ_ANSWER_ID.NEXTVAL, 14, 'затруднен проезд');

INSERT INTO ANSWER(ANSWER_ID, QUESTION_ID, ANSWER_VALUE) 
  VALUES (SEQ_ANSWER_ID.NEXTVAL, 14, 'уточнение адресса');

INSERT INTO ANSWER(ANSWER_ID, QUESTION_ID, ANSWER_VALUE) 
  VALUES (SEQ_ANSWER_ID.NEXTVAL, 14, 'поломка а/м');

--------------------------------------------------------------------------------
INSERT INTO QUESTION(QUESTION_ID, SECTION_ID, QUESTION_ORDER, QUESTION_TEXT, ANSWER_TYPE) 
  VALUES (15, 1, 15, 'Безрезультатный выезд:', 'SELECT_BOX');

INSERT INTO ANSWER(ANSWER_ID, QUESTION_ID, ANSWER_VALUE) 
  VALUES (SEQ_ANSWER_ID.NEXTVAL, 15, 'адрес не найден');

INSERT INTO ANSWER(ANSWER_ID, QUESTION_ID, ANSWER_VALUE) 
  VALUES (SEQ_ANSWER_ID.NEXTVAL, 15, 'больного нет на месте');

INSERT INTO ANSWER(ANSWER_ID, QUESTION_ID, ANSWER_VALUE) 
  VALUES (SEQ_ANSWER_ID.NEXTVAL, 15, 'отказ от осмотра');

INSERT INTO ANSWER(ANSWER_ID, QUESTION_ID, ANSWER_VALUE) 
  VALUES (SEQ_ANSWER_ID.NEXTVAL, 15, 'вызов отменен');

INSERT INTO ANSWER(ANSWER_ID, QUESTION_ID, ANSWER_VALUE) 
  VALUES (SEQ_ANSWER_ID.NEXTVAL, 15, 'обследование до прибытия');

INSERT INTO ANSWER(ANSWER_ID, QUESTION_ID, ANSWER_VALUE) 
  VALUES (SEQ_ANSWER_ID.NEXTVAL, 15, 'смерть до прибытия');

--------------------------------------------------------------------------------
INSERT INTO QUESTION(QUESTION_ID, SECTION_ID, QUESTION_ORDER, QUESTION_TEXT, ANSWER_TYPE) 
  VALUES (16, 1, 16, 'Причина несчастного случая:', 'SELECT_BOX');

INSERT INTO ANSWER(ANSWER_ID, QUESTION_ID, ANSWER_VALUE) 
  VALUES (SEQ_ANSWER_ID.NEXTVAL, 16, 'неизвестна');

INSERT INTO ANSWER(ANSWER_ID, QUESTION_ID, ANSWER_VALUE) 
  VALUES (SEQ_ANSWER_ID.NEXTVAL, 16, 'бытовая');

INSERT INTO ANSWER(ANSWER_ID, QUESTION_ID, ANSWER_VALUE) 
  VALUES (SEQ_ANSWER_ID.NEXTVAL, 16, 'производственная');

INSERT INTO ANSWER(ANSWER_ID, QUESTION_ID, ANSWER_VALUE) 
  VALUES (SEQ_ANSWER_ID.NEXTVAL, 16, 'спортивная');

INSERT INTO ANSWER(ANSWER_ID, QUESTION_ID, ANSWER_VALUE) 
  VALUES (SEQ_ANSWER_ID.NEXTVAL, 16, 'ДТП');

INSERT INTO ANSWER(ANSWER_ID, QUESTION_ID, ANSWER_VALUE) 
  VALUES (SEQ_ANSWER_ID.NEXTVAL, 16, 'гололед');

INSERT INTO ANSWER(ANSWER_ID, QUESTION_ID, ANSWER_VALUE) 
  VALUES (SEQ_ANSWER_ID.NEXTVAL, 16, 'недосмотр');
  
INSERT INTO ANSWER(ANSWER_ID, QUESTION_ID, ANSWER_VALUE) 
  VALUES (SEQ_ANSWER_ID.NEXTVAL, 16, 'пожар');

INSERT INTO ANSWER(ANSWER_ID, QUESTION_ID, ANSWER_VALUE) 
  VALUES (SEQ_ANSWER_ID.NEXTVAL, 16, 'криминальная');

INSERT INTO ANSWER(ANSWER_ID, QUESTION_ID, ANSWER_VALUE) 
  VALUES (SEQ_ANSWER_ID.NEXTVAL, 16, 'суицид');

--------------------------------------------------------------------------------
INSERT INTO QUESTION(QUESTION_ID, SECTION_ID, QUESTION_ORDER, QUESTION_TEXT, ANSWER_TYPE) 
  VALUES (17, 1, 17, 'Характеристика несчастного случая:', 'SELECT_BOX');

INSERT INTO ANSWER(ANSWER_ID, QUESTION_ID, ANSWER_VALUE) 
  VALUES (SEQ_ANSWER_ID.NEXTVAL, 17, 'отравление');

INSERT INTO ANSWER(ANSWER_ID, QUESTION_ID, ANSWER_VALUE) 
  VALUES (SEQ_ANSWER_ID.NEXTVAL, 17, 'утопление');

INSERT INTO ANSWER(ANSWER_ID, QUESTION_ID, ANSWER_VALUE) 
  VALUES (SEQ_ANSWER_ID.NEXTVAL, 17, 'травма термическа');

INSERT INTO ANSWER(ANSWER_ID, QUESTION_ID, ANSWER_VALUE) 
  VALUES (SEQ_ANSWER_ID.NEXTVAL, 17, 'травма механическая');

INSERT INTO ANSWER(ANSWER_ID, QUESTION_ID, ANSWER_VALUE) 
  VALUES (SEQ_ANSWER_ID.NEXTVAL, 17, 'травма сочетанная');

INSERT INTO ANSWER(ANSWER_ID, QUESTION_ID, ANSWER_VALUE) 
  VALUES (SEQ_ANSWER_ID.NEXTVAL, 17, 'травма комбинированная');

--------------------------------------------------------------------------------
INSERT INTO QUESTION(QUESTION_ID, SECTION_ID, QUESTION_ORDER, QUESTION_TEXT, ANSWER_TYPE) 
  VALUES (18, 1, 18, 'Способ доставки пациента в машину:', 'SELECT_BOX');
  
INSERT INTO ANSWER(ANSWER_ID, QUESTION_ID, ANSWER_VALUE) 
  VALUES (SEQ_ANSWER_ID.NEXTVAL, 18, 'передвигался самостоятельно');

INSERT INTO ANSWER(ANSWER_ID, QUESTION_ID, ANSWER_VALUE) 
  VALUES (SEQ_ANSWER_ID.NEXTVAL, 18, 'перенесен на носилках');

INSERT INTO ANSWER(ANSWER_ID, QUESTION_ID, ANSWER_VALUE) 
  VALUES (SEQ_ANSWER_ID.NEXTVAL, 18, 'перенесен на подручных средствах');
  
  
-- SECTION ПАЦИЕНТ ----------------------------------------------------------------
INSERT INTO SECTION(SECTION_ID, SECTION_NAME, SECTION_DESCRIPTION) VALUES (2, 'Пациент', 'Данные пациента');

INSERT INTO QUESTION(QUESTION_ID, SECTION_ID, QUESTION_ORDER, QUESTION_TEXT, ANSWER_TYPE) 
  VALUES (19, 2, 1, 'Район', 'TEXT_BOX');

INSERT INTO QUESTION(QUESTION_ID, SECTION_ID, QUESTION_ORDER, QUESTION_TEXT, ANSWER_TYPE) 
  VALUES (20, 2, 2, 'Улица', 'TEXT_BOX');
  
INSERT INTO QUESTION(QUESTION_ID, SECTION_ID, QUESTION_ORDER, QUESTION_TEXT, ANSWER_TYPE) 
  VALUES (21, 2, 3, 'Дом', 'TEXT_NUMBER_BOX');
  
INSERT INTO QUESTION(QUESTION_ID, SECTION_ID, QUESTION_ORDER, QUESTION_TEXT, ANSWER_TYPE) 
  VALUES (22, 2, 4, 'Корпус', 'TEXT_NUMBER_BOX');
  
INSERT INTO QUESTION(QUESTION_ID, SECTION_ID, QUESTION_ORDER, QUESTION_TEXT, ANSWER_TYPE) 
  VALUES (23, 2, 5, 'Квартира', 'TEXT_NUMBER_BOX'); 
  
INSERT INTO QUESTION(QUESTION_ID, SECTION_ID, QUESTION_ORDER, QUESTION_TEXT, ANSWER_TYPE) 
  VALUES (24, 2, 6, 'Этаж', 'TEXT_NUMBER_BOX'); 

INSERT INTO QUESTION(QUESTION_ID, SECTION_ID, QUESTION_ORDER, QUESTION_TEXT, ANSWER_TYPE) 
  VALUES (25, 2, 7, 'Код', 'TEXT_NUMBER_BOX');  
  
INSERT INTO QUESTION(QUESTION_ID, SECTION_ID, QUESTION_ORDER, QUESTION_TEXT, ANSWER_TYPE) 
  VALUES (26, 2, 8, 'Телефон', 'TEXT_NUMBER_BOX');
  
INSERT INTO QUESTION(QUESTION_ID, SECTION_ID, QUESTION_ORDER, QUESTION_TEXT, ANSWER_TYPE) 
  VALUES (27, 2, 9, 'ФИО', 'TEXT_BOX');

INSERT INTO QUESTION(QUESTION_ID, SECTION_ID, QUESTION_ORDER, QUESTION_TEXT, ANSWER_TYPE) 
  VALUES (28, 2, 10, 'Дата Рождения', 'TEXT_DATE_BOX');

INSERT INTO QUESTION(QUESTION_ID, SECTION_ID, QUESTION_ORDER, QUESTION_TEXT, ANSWER_TYPE) 
  VALUES (29, 2, 11, 'Возраст', 'TEXT_NUMBER_BOX');  

INSERT INTO QUESTION(QUESTION_ID, SECTION_ID, QUESTION_ORDER, QUESTION_TEXT, ANSWER_TYPE) 
  VALUES (30, 2, 12, 'Пол', 'SELECT_BOX');   

INSERT INTO ANSWER(ANSWER_ID, QUESTION_ID, ANSWER_VALUE) 
  VALUES (SEQ_ANSWER_ID.NEXTVAL, 30, 'Мужской');

INSERT INTO ANSWER(ANSWER_ID, QUESTION_ID, ANSWER_VALUE) 
  VALUES (SEQ_ANSWER_ID.NEXTVAL, 30, 'Женский');  
  
INSERT INTO QUESTION(QUESTION_ID, SECTION_ID, QUESTION_ORDER, QUESTION_TEXT, ANSWER_TYPE) 
  VALUES (31, 2, 13, 'Паспорт', 'TEXT_NUMBER_BOX'); 

INSERT INTO QUESTION(QUESTION_ID, SECTION_ID, QUESTION_ORDER, QUESTION_TEXT, ANSWER_TYPE) 
  VALUES (32, 2, 14, 'Место Рождения', 'TEXT_BOX'); 

INSERT INTO QUESTION(QUESTION_ID, SECTION_ID, QUESTION_ORDER, QUESTION_TEXT, ANSWER_TYPE) 
  VALUES (33, 2, 15, 'Полис ОМС', 'TEXT_NUMBER_BOX');

INSERT INTO QUESTION(QUESTION_ID, SECTION_ID, QUESTION_ORDER, QUESTION_TEXT, ANSWER_TYPE) 
  VALUES (34, 2, 16, 'Полис СМО', 'TEXT_BOX');

INSERT INTO QUESTION(QUESTION_ID, SECTION_ID, QUESTION_ORDER, QUESTION_TEXT, ANSWER_TYPE) 
  VALUES (35, 2, 17, 'Гражданство', 'TEXT_BOX');

INSERT INTO QUESTION(QUESTION_ID, SECTION_ID, QUESTION_ORDER, QUESTION_TEXT, ANSWER_TYPE) 
  VALUES (36, 2, 18, 'Адрес Постоянной регистрации: Регион', 'TEXT_BOX');   

INSERT INTO QUESTION(QUESTION_ID, SECTION_ID, QUESTION_ORDER, QUESTION_TEXT, ANSWER_TYPE) 
  VALUES (37, 2, 19, 'Адрес Постоянной регистрации: Район', 'TEXT_BOX'); 

INSERT INTO QUESTION(QUESTION_ID, SECTION_ID, QUESTION_ORDER, QUESTION_TEXT, ANSWER_TYPE) 
  VALUES (38, 2, 20, 'Адрес Постоянной регистрации: Пункт', 'TEXT_BOX'); 

INSERT INTO QUESTION(QUESTION_ID, SECTION_ID, QUESTION_ORDER, QUESTION_TEXT, ANSWER_TYPE) 
  VALUES (39, 2, 21, 'Адрес Постоянной регистрации: Улица', 'TEXT_BOX'); 
  
INSERT INTO QUESTION(QUESTION_ID, SECTION_ID, QUESTION_ORDER, QUESTION_TEXT, ANSWER_TYPE) 
  VALUES (40, 2, 22, 'Адрес Постоянной регистрации: Дом', 'TEXT_NUMBER_BOX'); 
  
INSERT INTO QUESTION(QUESTION_ID, SECTION_ID, QUESTION_ORDER, QUESTION_TEXT, ANSWER_TYPE) 
  VALUES (41, 2, 23, 'Адрес Постоянной регистрации: Корпус', 'TEXT_NUMBER_BOX'); 
  
INSERT INTO QUESTION(QUESTION_ID, SECTION_ID, QUESTION_ORDER, QUESTION_TEXT, ANSWER_TYPE) 
  VALUES (42, 2, 24, 'Адрес Постоянной регистрации: Квартира', 'TEXT_NUMBER_BOX');   
--  
-- 
--  
----------------------------------------------------------------------------------
--INSERT INTO QUESTION(QUESTION_ID, SECTION_ID, QUESTION_ORDER, QUESTION_TEXT, ANSWER_TYPE) 
--  VALUES (17, 1, 17, 'Результат выезда:', 'NEW_CHECK_BOX');
--  
--INSERT INTO ANSWER(ANSWER_ID, QUESTION_ID, ANSWER_VALUE) 
--  VALUES (SEQ_ANSWER_ID.NEXTVAL, 17, 'на месте');
--  
--INSERT INTO ANSWER(ANSWER_ID, QUESTION_ID, ANSWER_VALUE) 
--  VALUES (SEQ_ANSWER_ID.NEXTVAL, 17, 'передан бригаде');
-- 
-- ------------------------------------------------------------------------------- 
--INSERT INTO QUESTION(QUESTION_ID, SECTION_ID, QUESTION_ORDER, QUESTION_TEXT, ANSWER_TYPE) 
--  VALUES (18, 1, 18, 'Доставлен:', 'NEW_CHECK_BOX');
--  
--INSERT INTO ANSWER(ANSWER_ID, QUESTION_ID, ANSWER_VALUE) 
--  VALUES (SEQ_ANSWER_ID.NEXTVAL, 18, 'в травм пункт');
--  
--INSERT INTO ANSWER(ANSWER_ID, QUESTION_ID, ANSWER_VALUE) 
--  VALUES (SEQ_ANSWER_ID.NEXTVAL, 18, 'морг');    
--
--INSERT INTO ANSWER(ANSWER_ID, QUESTION_ID, ANSWER_VALUE) 
--  VALUES (SEQ_ANSWER_ID.NEXTVAL, 18, 'в приемное отделение больницы');
--  
--INSERT INTO ANSWER(ANSWER_ID, QUESTION_ID, ANSWER_VALUE) 
--  VALUES (SEQ_ANSWER_ID.NEXTVAL, 18, 'в прочие места');  
--  
--INSERT INTO ANSWER(ANSWER_ID, QUESTION_ID, ANSWER_VALUE) 
--  VALUES (SEQ_ANSWER_ID.NEXTVAL, 18, 'активное посещение врачом');
--
----------------------------------------------------------------------------------
--INSERT INTO QUESTION(QUESTION_ID, SECTION_ID, QUESTION_ORDER, QUESTION_TEXT, ANSWER_TYPE) 
--  VALUES (19, 1, 19, 'Код по МКБ10', 'TEXT_BOX');
--
----------------------------------------------------------------------------------
--INSERT INTO QUESTION(QUESTION_ID, SECTION_ID, QUESTION_ORDER, QUESTION_TEXT, ANSWER_TYPE) 
--  VALUES (20, 1, 20, 'Аллергичиские реакции в анамнезе:', 'NEW_CHECK_BOX');
--  
--INSERT INTO ANSWER(ANSWER_ID, QUESTION_ID, ANSWER_VALUE) 
--  VALUES (SEQ_ANSWER_ID.NEXTVAL, 20, 'нет');
--  
--INSERT INTO ANSWER(ANSWER_ID, QUESTION_ID, ANSWER_VALUE) 
--  VALUES (SEQ_ANSWER_ID.NEXTVAL, 20, 'есть');
--  
----------------------------------------------------------------------------------  
--INSERT INTO QUESTION(QUESTION_ID, SECTION_ID, QUESTION_ORDER, QUESTION_TEXT, ANSWER_TYPE) 
--  VALUES (21, 1, 21, 'Результат оказанной медицинской помощи:', 'CHECK_BOX');
--  
--INSERT INTO ANSWER(ANSWER_ID, QUESTION_ID, ANSWER_VALUE) 
--  VALUES (SEQ_ANSWER_ID.NEXTVAL, 21, 'улучшения');
--  
--INSERT INTO ANSWER(ANSWER_ID, QUESTION_ID, ANSWER_VALUE) 
--  VALUES (SEQ_ANSWER_ID.NEXTVAL, 21, 'без эфекта');
--  
--INSERT INTO ANSWER(ANSWER_ID, QUESTION_ID, ANSWER_VALUE) 
--  VALUES (SEQ_ANSWER_ID.NEXTVAL, 21, 'ухудшения');
--  
--INSERT INTO ANSWER(ANSWER_ID, QUESTION_ID, ANSWER_VALUE) 
--  VALUES (SEQ_ANSWER_ID.NEXTVAL, 21, 'летальный исход');
----------------------------------------------------------------------------------
--INSERT INTO QUESTION(QUESTION_ID, SECTION_ID, QUESTION_ORDER, QUESTION_TEXT, ANSWER_TYPE) 
--  VALUES (22, 1, 22, 'Летальный исход:', 'NEW_CHECK_BOX');
--INSERT INTO ANSWER(ANSWER_ID, QUESTION_ID, ANSWER_VALUE) 
--  VALUES (SEQ_ANSWER_ID.NEXTVAL, 22, 'в присутствии');  
--INSERT INTO ANSWER(ANSWER_ID, QUESTION_ID, ANSWER_VALUE) 
--  VALUES (SEQ_ANSWER_ID.NEXTVAL, 22, 'в машине при транспортировке');
----------------------------------------------------------------------------------
--INSERT INTO QUESTION(QUESTION_ID, SECTION_ID, QUESTION_ORDER, QUESTION_TEXT, ANSWER_TYPE) 
--  VALUES (23, 1, 23, 'Общее состояние:', 'NEW_CHECK_BOX');
--  
--INSERT INTO ANSWER(ANSWER_ID, QUESTION_ID, ANSWER_VALUE) 
--  VALUES (SEQ_ANSWER_ID.NEXTVAL, 23, 'удолитворительное');
--  
--INSERT INTO ANSWER(ANSWER_ID, QUESTION_ID, ANSWER_VALUE) 
--  VALUES (SEQ_ANSWER_ID.NEXTVAL, 23, 'средней тяжести');
--  
--INSERT INTO ANSWER(ANSWER_ID, QUESTION_ID, ANSWER_VALUE) 
--  VALUES (SEQ_ANSWER_ID.NEXTVAL, 23, 'тяжелое');
--  
--INSERT INTO ANSWER(ANSWER_ID, QUESTION_ID, ANSWER_VALUE) 
--  VALUES (SEQ_ANSWER_ID.NEXTVAL, 23, 'крайне тяжелое');
--INSERT INTO ANSWER(ANSWER_ID, QUESTION_ID, ANSWER_VALUE) 
--  VALUES (SEQ_ANSWER_ID.NEXTVAL, 23, 'переагональное');
--  
--INSERT INTO ANSWER(ANSWER_ID, QUESTION_ID, ANSWER_VALUE) 
--  VALUES (SEQ_ANSWER_ID.NEXTVAL, 23, 'агональное');
--  
--INSERT INTO ANSWER(ANSWER_ID, QUESTION_ID, ANSWER_VALUE) 
--  VALUES (SEQ_ANSWER_ID.NEXTVAL, 23, 'клиническая смерть');
--  
----------------------------------------------------------------------------------
--INSERT INTO QUESTION(QUESTION_ID, SECTION_ID, QUESTION_ORDER, QUESTION_TEXT, ANSWER_TYPE) 
--  VALUES (24, 1, 24, 'Поведение:', 'NEW_CHECK_BOX');
--  
--INSERT INTO ANSWER(ANSWER_ID, QUESTION_ID, ANSWER_VALUE) 
--  VALUES (SEQ_ANSWER_ID.NEXTVAL, 24, 'спокойное');
--  
--INSERT INTO ANSWER(ANSWER_ID, QUESTION_ID, ANSWER_VALUE) 
--  VALUES (SEQ_ANSWER_ID.NEXTVAL, 24, 'возбужденное');
--  
--INSERT INTO ANSWER(ANSWER_ID, QUESTION_ID, ANSWER_VALUE) 
--  VALUES (SEQ_ANSWER_ID.NEXTVAL, 24, 'агресивное');
--  
--INSERT INTO ANSWER(ANSWER_ID, QUESTION_ID, ANSWER_VALUE) 
--  VALUES (SEQ_ANSWER_ID.NEXTVAL, 24, 'депресивное');
--  
----------------------------------------------------------------------------------
--INSERT INTO QUESTION(QUESTION_ID, SECTION_ID, QUESTION_ORDER, QUESTION_TEXT, ANSWER_TYPE) 
--  VALUES (25, 1, 25, 'Сознание:', 'NEW_CHECK_BOX');
--  
--INSERT INTO ANSWER(ANSWER_ID, QUESTION_ID, ANSWER_VALUE) 
--  VALUES (SEQ_ANSWER_ID.NEXTVAL, 25, 'ясное');
--  
--INSERT INTO ANSWER(ANSWER_ID, QUESTION_ID, ANSWER_VALUE) 
--  VALUES (SEQ_ANSWER_ID.NEXTVAL, 25, 'угнетено');
--  
--INSERT INTO ANSWER(ANSWER_ID, QUESTION_ID, ANSWER_VALUE) 
--  VALUES (SEQ_ANSWER_ID.NEXTVAL, 25, 'осутствует');
--  
----------------------------------------------------------------------------------
--INSERT INTO QUESTION(QUESTION_ID, SECTION_ID, QUESTION_ORDER, QUESTION_TEXT, ANSWER_TYPE) 
--  VALUES (26, 1, 26, 'Оценка по шкале Глазго', 'TEXT_BOX');
--  
--INSERT INTO QUESTION(QUESTION_ID, SECTION_ID, QUESTION_ORDER, QUESTION_TEXT, ANSWER_TYPE) 
--  VALUES (27, 1, 27, 'Е', 'TEXT_BOX');
--
--INSERT INTO QUESTION(QUESTION_ID, SECTION_ID, QUESTION_ORDER, QUESTION_TEXT, ANSWER_TYPE) 
--  VALUES (28, 1, 28, 'М', 'TEXT_BOX');
--
--INSERT INTO QUESTION(QUESTION_ID, SECTION_ID, QUESTION_ORDER, QUESTION_TEXT, ANSWER_TYPE) 
--  VALUES (29, 1, 29, 'V', 'TEXT_BOX');
--  
----------------------------------------------------------------------------------
--INSERT INTO QUESTION(QUESTION_ID, SECTION_ID, QUESTION_ORDER, QUESTION_TEXT, ANSWER_TYPE) 
--  VALUES (30, 1, 30, 'Поведение:', 'NEW_CHECK_BOX');
--  
--INSERT INTO ANSWER(ANSWER_ID, QUESTION_ID, ANSWER_VALUE) 
--  VALUES (SEQ_ANSWER_ID.NEXTVAL, 30, 'есть');
--  
--INSERT INTO ANSWER(ANSWER_ID, QUESTION_ID, ANSWER_VALUE) 
--  VALUES (SEQ_ANSWER_ID.NEXTVAL, 30, 'нет');
----------------------------------------------------------------------------------
--INSERT INTO QUESTION(QUESTION_ID, SECTION_ID, QUESTION_ORDER, QUESTION_TEXT, ANSWER_TYPE) 
--  VALUES (31, 1, 31, 'Кожные покровы:', 'NEW_CHECK_BOX');
--  
--INSERT INTO ANSWER(ANSWER_ID, QUESTION_ID, ANSWER_VALUE) 
--  VALUES (SEQ_ANSWER_ID.NEXTVAL, 31, 'нормальные');
--  
--INSERT INTO ANSWER(ANSWER_ID, QUESTION_ID, ANSWER_VALUE) 
--  VALUES (SEQ_ANSWER_ID.NEXTVAL, 31, 'сухие');
--  
--INSERT INTO ANSWER(ANSWER_ID, QUESTION_ID, ANSWER_VALUE) 
--  VALUES (SEQ_ANSWER_ID.NEXTVAL, 31, 'влажные');
--  
--INSERT INTO ANSWER(ANSWER_ID, QUESTION_ID, ANSWER_VALUE) 
--  VALUES (SEQ_ANSWER_ID.NEXTVAL, 31, 'профузный пот');
--  
--INSERT INTO ANSWER(ANSWER_ID, QUESTION_ID, ANSWER_VALUE) 
--  VALUES (SEQ_ANSWER_ID.NEXTVAL, 31, 'бледность');
--  
--INSERT INTO ANSWER(ANSWER_ID, QUESTION_ID, ANSWER_VALUE) 
--  VALUES (SEQ_ANSWER_ID.NEXTVAL, 31, 'гипермия');
--  
--INSERT INTO ANSWER(ANSWER_ID, QUESTION_ID, ANSWER_VALUE) 
--  VALUES (SEQ_ANSWER_ID.NEXTVAL, 31, 'желтушность');
--  
--INSERT INTO ANSWER(ANSWER_ID, QUESTION_ID, ANSWER_VALUE) 
--  VALUES (SEQ_ANSWER_ID.NEXTVAL, 31, 'цианоз');
--  
--INSERT INTO ANSWER(ANSWER_ID, QUESTION_ID, ANSWER_VALUE) 
--  VALUES (SEQ_ANSWER_ID.NEXTVAL, 31, 'акроцианоз');
--  
--INSERT INTO ANSWER(ANSWER_ID, QUESTION_ID, ANSWER_VALUE) 
--  VALUES (SEQ_ANSWER_ID.NEXTVAL, 31, 'мраморность');  
--  
----------------------------------------------------------------------------------  
--INSERT INTO QUESTION(QUESTION_ID, SECTION_ID, QUESTION_ORDER, QUESTION_TEXT, ANSWER_TYPE) 
--  VALUES (32, 1, 32, 'Температура тела:', 'TEXT_BOX');
--  
----------------------------------------------------------------------------------
--INSERT INTO QUESTION(QUESTION_ID, SECTION_ID, QUESTION_ORDER, QUESTION_TEXT, ANSWER_TYPE) 
--  VALUES (33, 1, 33, 'Отеки:', 'NEW_CHECK_BOX');
--  
--INSERT INTO ANSWER(ANSWER_ID, QUESTION_ID, ANSWER_VALUE) 
--  VALUES (SEQ_ANSWER_ID.NEXTVAL, 33, 'есть');
--  
--INSERT INTO ANSWER(ANSWER_ID, QUESTION_ID, ANSWER_VALUE) 
--  VALUES (SEQ_ANSWER_ID.NEXTVAL, 33, 'нет');
--  
----------------------------------------------------------------------------------
--INSERT INTO QUESTION(QUESTION_ID, SECTION_ID, QUESTION_ORDER, QUESTION_TEXT, ANSWER_TYPE) 
--  VALUES (34, 1, 34, 'Сыпь:', 'NEW_CHECK_BOX');
--  
--INSERT INTO ANSWER(ANSWER_ID, QUESTION_ID, ANSWER_VALUE) 
--  VALUES (SEQ_ANSWER_ID.NEXTVAL, 34, 'есть');
--  
--INSERT INTO ANSWER(ANSWER_ID, QUESTION_ID, ANSWER_VALUE) 
--  VALUES (SEQ_ANSWER_ID.NEXTVAL, 34, 'нет');
--  
----------------------------------------------------------------------------------  
--INSERT INTO QUESTION(QUESTION_ID, SECTION_ID, QUESTION_ORDER, QUESTION_TEXT, ANSWER_TYPE) 
--  VALUES (35, 1, 35, 'Сыпь:', 'NEW_CHECK_BOX');
--  
--INSERT INTO ANSWER(ANSWER_ID, QUESTION_ID, ANSWER_VALUE) 
--  VALUES (SEQ_ANSWER_ID.NEXTVAL, 35, 'нормальные');
--  
--INSERT INTO ANSWER(ANSWER_ID, QUESTION_ID, ANSWER_VALUE) 
--  VALUES (SEQ_ANSWER_ID.NEXTVAL, 35, 'широкие');
--
--INSERT INTO ANSWER(ANSWER_ID, QUESTION_ID, ANSWER_VALUE) 
--  VALUES (SEQ_ANSWER_ID.NEXTVAL, 35, 'узкие'); 
--  
----------------------------------------------------------------------------------
--INSERT INTO QUESTION(QUESTION_ID, SECTION_ID, QUESTION_ORDER, QUESTION_TEXT, ANSWER_TYPE) 
--  VALUES (36, 1, 36, 'Реакция на свет:', 'NEW_CHECK_BOX');
--  
--INSERT INTO ANSWER(ANSWER_ID, QUESTION_ID, ANSWER_VALUE) 
--  VALUES (SEQ_ANSWER_ID.NEXTVAL, 36, 'есть');
--  
--INSERT INTO ANSWER(ANSWER_ID, QUESTION_ID, ANSWER_VALUE) 
--  VALUES (SEQ_ANSWER_ID.NEXTVAL, 36, 'нет');
--  
----------------------------------------------------------------------------------
--INSERT INTO QUESTION(QUESTION_ID, SECTION_ID, QUESTION_ORDER, QUESTION_TEXT, ANSWER_TYPE) 
--  VALUES (37, 1, 37, 'Нистагм:', 'NEW_CHECK_BOX');
--  
--INSERT INTO ANSWER(ANSWER_ID, QUESTION_ID, ANSWER_VALUE) 
--  VALUES (SEQ_ANSWER_ID.NEXTVAL, 37, 'есть');
--  
--INSERT INTO ANSWER(ANSWER_ID, QUESTION_ID, ANSWER_VALUE) 
--  VALUES (SEQ_ANSWER_ID.NEXTVAL, 37, 'нет');
--  
----------------------------------------------------------------------------------
--INSERT INTO QUESTION(QUESTION_ID, SECTION_ID, QUESTION_ORDER, QUESTION_TEXT, ANSWER_TYPE) 
--  VALUES (38, 1, 38, 'Мышечный тонус:', 'NEW_CHECK_BOX');
--  
--INSERT INTO ANSWER(ANSWER_ID, QUESTION_ID, ANSWER_VALUE) 
--  VALUES (SEQ_ANSWER_ID.NEXTVAL, 38, 'нормальный');
--  
--INSERT INTO ANSWER(ANSWER_ID, QUESTION_ID, ANSWER_VALUE) 
--  VALUES (SEQ_ANSWER_ID.NEXTVAL, 38, 'повышен');  
--  
--INSERT INTO ANSWER(ANSWER_ID, QUESTION_ID, ANSWER_VALUE) 
--  VALUES (SEQ_ANSWER_ID.NEXTVAL, 38, 'снижен');
--  
--INSERT INTO ANSWER(ANSWER_ID, QUESTION_ID, ANSWER_VALUE) 
--  VALUES (SEQ_ANSWER_ID.NEXTVAL, 38, 'рефлексы');
--
----------------------------------------------------------------------------------
--INSERT INTO QUESTION(QUESTION_ID, SECTION_ID, QUESTION_ORDER, QUESTION_TEXT, ANSWER_TYPE) 
--  VALUES (39, 1, 39, 'Очаг неврологической симптоматики:', 'NEW_CHECK_BOX');
--  
--INSERT INTO ANSWER(ANSWER_ID, QUESTION_ID, ANSWER_VALUE) 
--  VALUES (SEQ_ANSWER_ID.NEXTVAL, 39, 'есть');
--  
--INSERT INTO ANSWER(ANSWER_ID, QUESTION_ID, ANSWER_VALUE) 
--  VALUES (SEQ_ANSWER_ID.NEXTVAL, 39, 'нет'); 
--  
----------------------------------------------------------------------------------
--INSERT INTO QUESTION(QUESTION_ID, SECTION_ID, QUESTION_ORDER, QUESTION_TEXT, ANSWER_TYPE) 
--  VALUES (40, 1, 40, 'Менингиальные знаки:', 'NEW_CHECK_BOX');
--  
--INSERT INTO ANSWER(ANSWER_ID, QUESTION_ID, ANSWER_VALUE) 
--  VALUES (SEQ_ANSWER_ID.NEXTVAL, 40, 'есть');
--  
--INSERT INTO ANSWER(ANSWER_ID, QUESTION_ID, ANSWER_VALUE) 
--  VALUES (SEQ_ANSWER_ID.NEXTVAL, 40, 'нет');
--  
----------------------------------------------------------------------------------
--INSERT INTO QUESTION(QUESTION_ID, SECTION_ID, QUESTION_ORDER, QUESTION_TEXT, ANSWER_TYPE) 
--  VALUES (41, 1, 41, 'Одышка:', 'NEW_CHECK_BOX');
--  
--INSERT INTO ANSWER(ANSWER_ID, QUESTION_ID, ANSWER_VALUE) 
--  VALUES (SEQ_ANSWER_ID.NEXTVAL, 41, 'нет');
--  
--INSERT INTO ANSWER(ANSWER_ID, QUESTION_ID, ANSWER_VALUE) 
--  VALUES (SEQ_ANSWER_ID.NEXTVAL, 41, 'инспираторная');  
--  
--INSERT INTO ANSWER(ANSWER_ID, QUESTION_ID, ANSWER_VALUE) 
--  VALUES (SEQ_ANSWER_ID.NEXTVAL, 41, 'экспираторная');
--  
--INSERT INTO ANSWER(ANSWER_ID, QUESTION_ID, ANSWER_VALUE) 
--  VALUES (SEQ_ANSWER_ID.NEXTVAL, 41, 'смешенная');
--  
----------------------------------------------------------------------------------
--INSERT INTO QUESTION(QUESTION_ID, SECTION_ID, QUESTION_ORDER, QUESTION_TEXT, ANSWER_TYPE) 
--  VALUES (42, 1, 42, 'ЧДД', 'TEXT_BOX');
--  
----------------------------------------------------------------------------------
--INSERT INTO QUESTION(QUESTION_ID, SECTION_ID, QUESTION_ORDER, QUESTION_TEXT, ANSWER_TYPE) 
--  VALUES (43, 1, 43, 'Дыхание:', 'NEW_CHECK_BOX');
--  
--INSERT INTO ANSWER(ANSWER_ID, QUESTION_ID, ANSWER_VALUE) 
--  VALUES (SEQ_ANSWER_ID.NEXTVAL, 43, 'ритмичное');
--  
--INSERT INTO ANSWER(ANSWER_ID, QUESTION_ID, ANSWER_VALUE) 
--  VALUES (SEQ_ANSWER_ID.NEXTVAL, 43, 'аритмичное');  
--  
--INSERT INTO ANSWER(ANSWER_ID, QUESTION_ID, ANSWER_VALUE) 
--  VALUES (SEQ_ANSWER_ID.NEXTVAL, 43, 'отсутствует');  
--
----------------------------------------------------------------------------------
--INSERT INTO QUESTION(QUESTION_ID, SECTION_ID, QUESTION_ORDER, QUESTION_TEXT, ANSWER_TYPE) 
--  VALUES (44, 1, 44, 'Аускультация:', 'NEW_CHECK_BOX');
--  
--INSERT INTO ANSWER(ANSWER_ID, QUESTION_ID, ANSWER_VALUE) 
--  VALUES (SEQ_ANSWER_ID.NEXTVAL, 44, 'везикулярное');
--  
--INSERT INTO ANSWER(ANSWER_ID, QUESTION_ID, ANSWER_VALUE) 
--  VALUES (SEQ_ANSWER_ID.NEXTVAL, 44, 'жесткое');  
--  
--INSERT INTO ANSWER(ANSWER_ID, QUESTION_ID, ANSWER_VALUE) 
--  VALUES (SEQ_ANSWER_ID.NEXTVAL, 44, 'ослабленное D S'); 
--  
--INSERT INTO ANSWER(ANSWER_ID, QUESTION_ID, ANSWER_VALUE) 
--  VALUES (SEQ_ANSWER_ID.NEXTVAL, 44, 'бронхиальное');  
--  
--INSERT INTO ANSWER(ANSWER_ID, QUESTION_ID, ANSWER_VALUE) 
--  VALUES (SEQ_ANSWER_ID.NEXTVAL, 44, 'пуэрильное');
--  
----------------------------------------------------------------------------------
--INSERT INTO QUESTION(QUESTION_ID, SECTION_ID, QUESTION_ORDER, QUESTION_TEXT, ANSWER_TYPE) 
--  VALUES (45, 1, 45, 'Хрипы:', 'NEW_CHECK_BOX');
--  
--INSERT INTO ANSWER(ANSWER_ID, QUESTION_ID, ANSWER_VALUE) 
--  VALUES (SEQ_ANSWER_ID.NEXTVAL, 45, 'Сухие D S');
--  
--INSERT INTO ANSWER(ANSWER_ID, QUESTION_ID, ANSWER_VALUE) 
--  VALUES (SEQ_ANSWER_ID.NEXTVAL, 45, 'Влажные  D S');  
--  
--INSERT INTO ANSWER(ANSWER_ID, QUESTION_ID, ANSWER_VALUE) 
--  VALUES (SEQ_ANSWER_ID.NEXTVAL, 45, 'Крепитация D S'); 
--
----------------------------------------------------------------------------------
--INSERT INTO QUESTION(QUESTION_ID, SECTION_ID, QUESTION_ORDER, QUESTION_TEXT, ANSWER_TYPE) 
--  VALUES (46, 1, 46, 'Перкурсия:', 'NEW_CHECK_BOX');
--  
--INSERT INTO ANSWER(ANSWER_ID, QUESTION_ID, ANSWER_VALUE) 
--  VALUES (SEQ_ANSWER_ID.NEXTVAL, 46, 'Звук легочный');
--  
--INSERT INTO ANSWER(ANSWER_ID, QUESTION_ID, ANSWER_VALUE) 
--  VALUES (SEQ_ANSWER_ID.NEXTVAL, 46, 'Коробочный  D S');  
--  
--INSERT INTO ANSWER(ANSWER_ID, QUESTION_ID, ANSWER_VALUE) 
--  VALUES (SEQ_ANSWER_ID.NEXTVAL, 46, 'притупление D S');
--  
----------------------------------------------------------------------------------
--INSERT INTO QUESTION(QUESTION_ID, SECTION_ID, QUESTION_ORDER, QUESTION_TEXT, ANSWER_TYPE) 
--  VALUES (47, 1, 47, 'Границы Сердца:', 'NEW_CHECK_BOX');
--  
--INSERT INTO ANSWER(ANSWER_ID, QUESTION_ID, ANSWER_VALUE) 
--  VALUES (SEQ_ANSWER_ID.NEXTVAL, 47, 'не изменены');
--  
--INSERT INTO ANSWER(ANSWER_ID, QUESTION_ID, ANSWER_VALUE) 
--  VALUES (SEQ_ANSWER_ID.NEXTVAL, 47, 'расширены'); 
--  
----------------------------------------------------------------------------------
--INSERT INTO QUESTION(QUESTION_ID, SECTION_ID, QUESTION_ORDER, QUESTION_TEXT, ANSWER_TYPE) 
--  VALUES (48, 1, 48, 'Пульс:', 'NEW_CHECK_BOX');
--  
--INSERT INTO ANSWER(ANSWER_ID, QUESTION_ID, ANSWER_VALUE) 
--  VALUES (SEQ_ANSWER_ID.NEXTVAL, 48, 'норма наполнения');
--  
--INSERT INTO ANSWER(ANSWER_ID, QUESTION_ID, ANSWER_VALUE) 
--  VALUES (SEQ_ANSWER_ID.NEXTVAL, 48, 'нитевидный');
--
--INSERT INTO ANSWER(ANSWER_ID, QUESTION_ID, ANSWER_VALUE) 
--  VALUES (SEQ_ANSWER_ID.NEXTVAL, 48, 'отсутствует');
--  
----------------------------------------------------------------------------------
--INSERT INTO QUESTION(QUESTION_ID, SECTION_ID, QUESTION_ORDER, QUESTION_TEXT, ANSWER_TYPE) 
--  VALUES (49, 1, 49, 'ЧСС', 'TEXT_BOX'); 
--
----------------------------------------------------------------------------------
--INSERT INTO QUESTION(QUESTION_ID, SECTION_ID, QUESTION_ORDER, QUESTION_TEXT, ANSWER_TYPE) 
--  VALUES (50, 1, 50, 'АД', 'TEXT_BOX'); 
--
----------------------------------------------------------------------------------
--INSERT INTO QUESTION(QUESTION_ID, SECTION_ID, QUESTION_ORDER, QUESTION_TEXT, ANSWER_TYPE) 
--  VALUES (51, 1, 51, 'АД(первичный)', 'TEXT_BOX'); 
--  
----------------------------------------------------------------------------------
--INSERT INTO QUESTION(QUESTION_ID, SECTION_ID, QUESTION_ORDER, QUESTION_TEXT, ANSWER_TYPE) 
--  VALUES (52, 1, 52, 'Сердцебиение:', 'NEW_CHECK_BOX');
--  
--INSERT INTO ANSWER(ANSWER_ID, QUESTION_ID, ANSWER_VALUE) 
--  VALUES (SEQ_ANSWER_ID.NEXTVAL, 52, 'ритмичное');
--  
--INSERT INTO ANSWER(ANSWER_ID, QUESTION_ID, ANSWER_VALUE) 
--  VALUES (SEQ_ANSWER_ID.NEXTVAL, 52, 'аритмичное');
--
--INSERT INTO ANSWER(ANSWER_ID, QUESTION_ID, ANSWER_VALUE) 
--  VALUES (SEQ_ANSWER_ID.NEXTVAL, 52, 'отсутствует');
--  
----------------------------------------------------------------------------------
--INSERT INTO QUESTION(QUESTION_ID, SECTION_ID, QUESTION_ORDER, QUESTION_TEXT, ANSWER_TYPE) 
--  VALUES (53, 1, 53, 'Тоны Сердца:', 'NEW_CHECK_BOX');
--  
--INSERT INTO ANSWER(ANSWER_ID, QUESTION_ID, ANSWER_VALUE) 
--  VALUES (SEQ_ANSWER_ID.NEXTVAL, 53, 'ясные');
--  
--INSERT INTO ANSWER(ANSWER_ID, QUESTION_ID, ANSWER_VALUE) 
--  VALUES (SEQ_ANSWER_ID.NEXTVAL, 53, 'усиление');
--
--INSERT INTO ANSWER(ANSWER_ID, QUESTION_ID, ANSWER_VALUE) 
--  VALUES (SEQ_ANSWER_ID.NEXTVAL, 53, 'ослабление'); 
--  
----------------------------------------------------------------------------------
--INSERT INTO QUESTION(QUESTION_ID, SECTION_ID, QUESTION_ORDER, QUESTION_TEXT, ANSWER_TYPE) 
--  VALUES (54, 1, 54, 'Шумы:', 'NEW_CHECK_BOX');
--  
--INSERT INTO ANSWER(ANSWER_ID, QUESTION_ID, ANSWER_VALUE) 
--  VALUES (SEQ_ANSWER_ID.NEXTVAL, 54, 'есть');
--  
--INSERT INTO ANSWER(ANSWER_ID, QUESTION_ID, ANSWER_VALUE) 
--  VALUES (SEQ_ANSWER_ID.NEXTVAL, 54, 'нет');
--
----------------------------------------------------------------------------------
--INSERT INTO QUESTION(QUESTION_ID, SECTION_ID, QUESTION_ORDER, QUESTION_TEXT, ANSWER_TYPE) 
--  VALUES (55, 1, 55, 'Язык:', 'NEW_CHECK_BOX');
--  
--INSERT INTO ANSWER(ANSWER_ID, QUESTION_ID, ANSWER_VALUE) 
--  VALUES (SEQ_ANSWER_ID.NEXTVAL, 55, 'Влажный');
--  
--INSERT INTO ANSWER(ANSWER_ID, QUESTION_ID, ANSWER_VALUE) 
--  VALUES (SEQ_ANSWER_ID.NEXTVAL, 55, 'Сухой');
--  
--INSERT INTO ANSWER(ANSWER_ID, QUESTION_ID, ANSWER_VALUE) 
--  VALUES (SEQ_ANSWER_ID.NEXTVAL, 55, 'Чистый');
--  
--INSERT INTO ANSWER(ANSWER_ID, QUESTION_ID, ANSWER_VALUE) 
--  VALUES (SEQ_ANSWER_ID.NEXTVAL, 55, 'Обложен');
--  
--INSERT INTO ANSWER(ANSWER_ID, QUESTION_ID, ANSWER_VALUE) 
--  VALUES (SEQ_ANSWER_ID.NEXTVAL, 55, 'Следы прикуса'); 
--
----------------------------------------------------------------------------------
--INSERT INTO QUESTION(QUESTION_ID, SECTION_ID, QUESTION_ORDER, QUESTION_TEXT, ANSWER_TYPE) 
--  VALUES (56, 1, 56, 'Ротоглотка:', 'NEW_CHECK_BOX');
--  
--INSERT INTO ANSWER(ANSWER_ID, QUESTION_ID, ANSWER_VALUE) 
--  VALUES (SEQ_ANSWER_ID.NEXTVAL, 56, 'Чистая');
--  
--INSERT INTO ANSWER(ANSWER_ID, QUESTION_ID, ANSWER_VALUE) 
--  VALUES (SEQ_ANSWER_ID.NEXTVAL, 56, 'гипермия');
--  
--INSERT INTO ANSWER(ANSWER_ID, QUESTION_ID, ANSWER_VALUE) 
--  VALUES (SEQ_ANSWER_ID.NEXTVAL, 56, 'Отек');
--  
--INSERT INTO ANSWER(ANSWER_ID, QUESTION_ID, ANSWER_VALUE) 
--  VALUES (SEQ_ANSWER_ID.NEXTVAL, 56, 'Налеты');
--  
----------------------------------------------------------------------------------
--INSERT INTO QUESTION(QUESTION_ID, SECTION_ID, QUESTION_ORDER, QUESTION_TEXT, ANSWER_TYPE) 
--  VALUES (57, 1, 57, 'Живот:', 'NEW_CHECK_BOX');
--  
--INSERT INTO ANSWER(ANSWER_ID, QUESTION_ID, ANSWER_VALUE) 
--  VALUES (SEQ_ANSWER_ID.NEXTVAL, 57, 'Мягкий');
--  
--INSERT INTO ANSWER(ANSWER_ID, QUESTION_ID, ANSWER_VALUE) 
--  VALUES (SEQ_ANSWER_ID.NEXTVAL, 57, 'Напряжен');
--  
--INSERT INTO ANSWER(ANSWER_ID, QUESTION_ID, ANSWER_VALUE) 
--  VALUES (SEQ_ANSWER_ID.NEXTVAL, 57, 'Безболезненный');
--  
--INSERT INTO ANSWER(ANSWER_ID, QUESTION_ID, ANSWER_VALUE) 
--  VALUES (SEQ_ANSWER_ID.NEXTVAL, 57, 'Болезненный');   
--  
--INSERT INTO ANSWER(ANSWER_ID, QUESTION_ID, ANSWER_VALUE) 
--  VALUES (SEQ_ANSWER_ID.NEXTVAL, 57, 'Вздут'); 
--
----------------------------------------------------------------------------------
--INSERT INTO QUESTION(QUESTION_ID, SECTION_ID, QUESTION_ORDER, QUESTION_TEXT, ANSWER_TYPE) 
--  VALUES (58, 1, 58, 'Участие в акте Дыхания:', 'NEW_CHECK_BOX');
--  
--INSERT INTO ANSWER(ANSWER_ID, QUESTION_ID, ANSWER_VALUE) 
--  VALUES (SEQ_ANSWER_ID.NEXTVAL, 58, 'усаствует');
--  
--INSERT INTO ANSWER(ANSWER_ID, QUESTION_ID, ANSWER_VALUE) 
--  VALUES (SEQ_ANSWER_ID.NEXTVAL, 58, 'нет');
--  
----------------------------------------------------------------------------------
--INSERT INTO QUESTION(QUESTION_ID, SECTION_ID, QUESTION_ORDER, QUESTION_TEXT, ANSWER_TYPE) 
--  VALUES (59, 1, 59, 'Кишечные шумы:', 'NEW_CHECK_BOX');
--  
--INSERT INTO ANSWER(ANSWER_ID, QUESTION_ID, ANSWER_VALUE) 
--  VALUES (SEQ_ANSWER_ID.NEXTVAL, 59, 'есть');
--  
--INSERT INTO ANSWER(ANSWER_ID, QUESTION_ID, ANSWER_VALUE) 
--  VALUES (SEQ_ANSWER_ID.NEXTVAL, 59, 'нет');
--  
----------------------------------------------------------------------------------
--INSERT INTO QUESTION(QUESTION_ID, SECTION_ID, QUESTION_ORDER, QUESTION_TEXT, ANSWER_TYPE) 
--  VALUES (60, 1, 60, 'Симптомы раздроженной брюшины:', 'NEW_CHECK_BOX');
--  
--INSERT INTO ANSWER(ANSWER_ID, QUESTION_ID, ANSWER_VALUE) 
--  VALUES (SEQ_ANSWER_ID.NEXTVAL, 60, 'есть');
--  
--INSERT INTO ANSWER(ANSWER_ID, QUESTION_ID, ANSWER_VALUE) 
--  VALUES (SEQ_ANSWER_ID.NEXTVAL, 60, 'нет'); 
--
----------------------------------------------------------------------------------
--INSERT INTO QUESTION(QUESTION_ID, SECTION_ID, QUESTION_ORDER, QUESTION_TEXT, ANSWER_TYPE) 
--  VALUES (61, 1, 61, 'Печень:', 'NEW_CHECK_BOX');
--  
--INSERT INTO ANSWER(ANSWER_ID, QUESTION_ID, ANSWER_VALUE) 
--  VALUES (SEQ_ANSWER_ID.NEXTVAL, 61, 'не пальпируется');
--  
--INSERT INTO ANSWER(ANSWER_ID, QUESTION_ID, ANSWER_VALUE) 
--  VALUES (SEQ_ANSWER_ID.NEXTVAL, 61, 'пальпируется');
--
--INSERT INTO ANSWER(ANSWER_ID, QUESTION_ID, ANSWER_VALUE) 
--  VALUES (SEQ_ANSWER_ID.NEXTVAL, 61, 'без болезнено');
--  
--INSERT INTO ANSWER(ANSWER_ID, QUESTION_ID, ANSWER_VALUE) 
--  VALUES (SEQ_ANSWER_ID.NEXTVAL, 61, 'болезнено');
--
----------------------------------------------------------------------------------
--INSERT INTO QUESTION(QUESTION_ID, SECTION_ID, QUESTION_ORDER, QUESTION_TEXT, ANSWER_TYPE) 
--  VALUES (62, 1, 62, 'Рвота:', 'NEW_CHECK_BOX');
--  
--INSERT INTO ANSWER(ANSWER_ID, QUESTION_ID, ANSWER_VALUE) 
--  VALUES (SEQ_ANSWER_ID.NEXTVAL, 62, 'есть');
--  
--INSERT INTO ANSWER(ANSWER_ID, QUESTION_ID, ANSWER_VALUE) 
--  VALUES (SEQ_ANSWER_ID.NEXTVAL, 62, 'нет'); 
--  
----------------------------------------------------------------------------------
--INSERT INTO QUESTION(QUESTION_ID, SECTION_ID, QUESTION_ORDER, QUESTION_TEXT, ANSWER_TYPE) 
--  VALUES (63, 1, 63, 'Нарушение Диуреза:', 'NEW_CHECK_BOX');
--  
--INSERT INTO ANSWER(ANSWER_ID, QUESTION_ID, ANSWER_VALUE) 
--  VALUES (SEQ_ANSWER_ID.NEXTVAL, 63, 'есть');
--  
--INSERT INTO ANSWER(ANSWER_ID, QUESTION_ID, ANSWER_VALUE) 
--  VALUES (SEQ_ANSWER_ID.NEXTVAL, 63, 'нет');    
--  
----------------------------------------------------------------------------------
--INSERT INTO QUESTION(QUESTION_ID, SECTION_ID, QUESTION_ORDER, QUESTION_TEXT, ANSWER_TYPE) 
--  VALUES (64, 1, 64, 'Нарушение Дифекции:', 'NEW_CHECK_BOX');
--  
--INSERT INTO ANSWER(ANSWER_ID, QUESTION_ID, ANSWER_VALUE) 
--  VALUES (SEQ_ANSWER_ID.NEXTVAL, 64, 'есть');
--  
--INSERT INTO ANSWER(ANSWER_ID, QUESTION_ID, ANSWER_VALUE) 
--  VALUES (SEQ_ANSWER_ID.NEXTVAL, 64, 'нет'); 
-- 
----------------------------------------------------------------------------------
--INSERT INTO QUESTION(QUESTION_ID, SECTION_ID, QUESTION_ORDER, QUESTION_TEXT, ANSWER_TYPE) 
--  VALUES (65, 1, 65, 'Травмированнные повреждения:', 'NEW_CHECK_BOX');
--  
--INSERT INTO ANSWER(ANSWER_ID, QUESTION_ID, ANSWER_VALUE) 
--  VALUES (SEQ_ANSWER_ID.NEXTVAL, 65, 'есть');
--  
--INSERT INTO ANSWER(ANSWER_ID, QUESTION_ID, ANSWER_VALUE) 
--  VALUES (SEQ_ANSWER_ID.NEXTVAL, 65, 'нет');   
--
----------------------------------------------------------------------------------
--INSERT INTO QUESTION(QUESTION_ID, SECTION_ID, QUESTION_ORDER, QUESTION_TEXT, ANSWER_TYPE) 
--  VALUES (66, 1, 66, 'Балл шокогенности', 'TEXT_BOX');   
--
----------------------------------------------------------------------------------
--INSERT INTO QUESTION(QUESTION_ID, SECTION_ID, QUESTION_ORDER, QUESTION_TEXT, ANSWER_TYPE) 
--  VALUES (67, 1, 67, 'Эффективность проведенных мероприятий', 'TEXT_BOX');   
--  
----------------------------------------------------------------------------------
--INSERT INTO QUESTION(QUESTION_ID, SECTION_ID, QUESTION_ORDER, QUESTION_TEXT, ANSWER_TYPE) 
--  VALUES (68, 1, 68, 'АД', 'TEXT_BOX'); 
--  
--INSERT INTO QUESTION(QUESTION_ID, SECTION_ID, QUESTION_ORDER, QUESTION_TEXT, ANSWER_TYPE) 
--  VALUES (69, 1, 69, 'ЧСС', 'TEXT_BOX');  
-- 
--INSERT INTO QUESTION(QUESTION_ID, SECTION_ID, QUESTION_ORDER, QUESTION_TEXT, ANSWER_TYPE) 
--  VALUES (70, 1, 70, 'Пульс', 'TEXT_BOX'); 
--  
--INSERT INTO QUESTION(QUESTION_ID, SECTION_ID, QUESTION_ORDER, QUESTION_TEXT, ANSWER_TYPE) 
--  VALUES (71, 1, 71, 'ЧДД', 'TEXT_BOX');
--  
--INSERT INTO QUESTION(QUESTION_ID, SECTION_ID, QUESTION_ORDER, QUESTION_TEXT, ANSWER_TYPE) 
--  VALUES (72, 1, 72, 'Температура', 'TEXT_BOX'); 
--
----------------------------------------------------------------------------------
--INSERT INTO QUESTION(QUESTION_ID, SECTION_ID, QUESTION_ORDER, QUESTION_TEXT, ANSWER_TYPE) 
--  VALUES (73, 1, 73, 'Отказ от медицинского вмешательства:', 'NEW_CHECK_BOX');
--  
--INSERT INTO ANSWER(ANSWER_ID, QUESTION_ID, ANSWER_VALUE) 
--  VALUES (SEQ_ANSWER_ID.NEXTVAL, 73, 'Обследования');
--  
--INSERT INTO ANSWER(ANSWER_ID, QUESTION_ID, ANSWER_VALUE) 
--  VALUES (SEQ_ANSWER_ID.NEXTVAL, 73, 'Медицинской помощи'); 
--  
--INSERT INTO ANSWER(ANSWER_ID, QUESTION_ID, ANSWER_VALUE) 
--  VALUES (SEQ_ANSWER_ID.NEXTVAL, 73, 'Медицинской эвакуации');
--  
--INSERT INTO ANSWER(ANSWER_ID, QUESTION_ID, ANSWER_VALUE) 
--  VALUES (SEQ_ANSWER_ID.NEXTVAL, 73, 'Переноски');   
COMMIT;


